bondCode,bondType,description,MarketCode,issuerCountry,issuerCategory,maturityDate,CouponType,Currency
ES00000124C5,OBE,SPGB 5.150 31/10/28,ESP,ES,GOVT NATIONAL,20281031,1,EUR
IT0005595605,BOT,BOT 14/05/25 12M,MTS,IT,GOVT NATIONAL,20250514,0,EUR
IT0004532559,BTP,BTPS 5.000 01/09/40,MTS,IT,GOVT NATIONAL,20400901,1,EUR
IT0005611055,BTP,BTPS 3.000 01/10/29,MTS,IT,GOVT NATIONAL,20291001,1,EUR
FI4000507231,RFG,RFGB 0.125 15/09/31,FIN,FI,GOVT NATIONAL,20310915,1,EUR
CZ0001006316,CGB,CZGB 1.950 30/07/37,CZE,CZ,GOVT NATIONAL,20370730,1,CZK
FR0128690700,FTB,BTF 0 02/07/25,FRF,FR,GOVT NATIONAL,20250702,0,EUR
IT0004644735,BTP,BTPS 4.500 01/03/26,MTS,IT,GOVT NATIONAL,20260301,1,EUR
IT0005566408,BTP,BTPS 4.100 01/02/29,MTS,IT,GOVT NATIONAL,20290201,1,EUR
NL0000102234,DSL,NETHER 4.000 15/01/37,NLD,NL,GOVT NATIONAL,20370115,1,EUR
DE0001030575,GIL,DBRi 0.100 15/04/46,GEM,DE,GOVT NATIONAL,20460415,3,EUR
SI0002103552,RSL,SLOREP 3.125 07/08/45,RSL,SI,GOVT NATIONAL,20450807,1,EUR
ES0000012C04,PRL,SPGBR 0 30/04/28,ESP,ES,GOVT NATIONAL,20280430,0,EUR
ES0000012B21,PRL,SPGBR 0 31/10/27,ESP,ES,GOVT NATIONAL,20271031,0,EUR
IT0005580094,BTP,BTPS 3.500 15/02/31,MTS,IT,GOVT NATIONAL,20310215,1,EUR
EU000A3K4D41,NXG,EU 3.25 04/07/34,EUM,EU,Supranational,20340704,1,EUR
IT0005162828,BTP,BTPS 2.700 01/03/47,MTS,IT,GOVT NATIONAL,20470301,1,EUR
BE0000336454,OLO,BGB 1.900 22/06/38 #76,BEL,BE,GOVT NATIONAL,20380622,1,EUR
BE0000359688,OLO,BGB 3.450 22/06/43 #99,BEL,BE,GOVT NATIONAL,20430622,1,EUR
IL0011570236,IIL,ILCPI 0.500 31/05/29,ISR,IL,GOVT NATIONAL,20290531,3,ILS
AT0000A38239,ATS,RAGB 3.450 20/10/30,ATS,AT,GOVT NATIONAL,20301020,1,EUR
IT0005561888,BTP,BTPS 4.000 15/11/30,MTS,IT,GOVT NATIONAL,20301115,1,EUR
ES0000012B96,CUP,SPGBS 0 30/04/28,ESP,ES,GOVT NATIONAL,20280430,0,EUR
ES0L02507041,LET,SGLT 0 04/07/25,ESP,ES,GOVT NATIONAL,20250704,0,EUR
ES0000012E44,PRL,SPGBR 0 31/10/48,ESP,ES,GOVT NATIONAL,20481031,0,EUR
SK4120011420,SVK,SLOVGB 1.625 21/01/31,SLK,SK,GOVT NATIONAL,20310121,1,EUR
CZ0001001796,CGB,CZGB 4.20 04/12/36,CZE,CZ,GOVT NATIONAL,20361204,1,CZK
HU0000404157,HFR,HGB FLOAT 22/04/27,HUN,HU,GOVT NATIONAL,20270422,2,HUF
ES0000012N43,OBE,SPGB 3.100 30/07/31,ESP,ES,GOVT NATIONAL,20310730,1,EUR
FR0128838465,FTB,BTF 0 30/07/25,FRF,FR,GOVT NATIONAL,20250730,0,EUR
SK4120012220,SVK,SLOVGB 0.625 22/05/26,SLK,SK,GOVT NATIONAL,20260522,1,EUR
ES00000120W1,CUP,SPGBS 0 30/07/40,ESP,ES,GOVT NATIONAL,20400730,0,EUR
ES00000120V3,CUP,SPGBS 0 30/07/39,ESP,ES,GOVT NATIONAL,20390730,0,EUR
CZ0001005037,CGB,CZGB 0.250 10/02/27,CZE,CZ,GOVT NATIONAL,20270210,1,CZK
IT0003256820,BTP,BTPS 5.750 01/02/33,MTS,IT,GOVT NATIONAL,20330201,1,EUR
HU0000403001,HGB,HGB 3.250 22/10/31,HUN,HU,GOVT NATIONAL,20311022,1,HUF
HU0000525076,HTB,HTB 0 19/02/25,HUN,HU,GOVT NATIONAL,20250219,0,HUF
IL0012023326,SHA,ILGOV 4.000 30/03/35,ISR,IL,GOVT NATIONAL,20350330,1,ILS
FR0013404969,OAT,FRTR 1.500 25/05/50,FRF,FR,GOVT NATIONAL,20500525,1,EUR
BE0000360694,OLO,BGB 2.850 22/10/34 #100,BEL,BE,GOVT NATIONAL,20341022,1,EUR
ES00000128H5,OBE,SPGB 1.300 31/10/26,ESP,ES,GOVT NATIONAL,20261031,1,EUR
DE000BU25018,DEM,OBL 2.400 19/10/28 #188,GEM,DE,GOVT NATIONAL,20281019,1,EUR
ES00000121S7,OBE,SPGB 4.700 30/07/41,ESP,ES,GOVT NATIONAL,20410730,1,EUR
ES00000120U5,CUP,SPGBS 0 30/07/38,ESP,ES,GOVT NATIONAL,20380730,0,EUR
IT0005370306,BTP,BTPS 2.100 15/07/26,MTS,IT,GOVT NATIONAL,20260715,1,EUR
IT0005386245,BTP,BTPS 0.350 01/02/25,MTS,IT,GOVT NATIONAL,20250201,1,EUR
ES00000120T7,CUP,SPGBS 0 30/07/37,ESP,ES,GOVT NATIONAL,20370730,0,EUR
ES00000120S9,CUP,SPGBS 0 30/07/36,ESP,ES,GOVT NATIONAL,20360730,0,EUR
ES00000120R1,CUP,SPGBS 0 30/07/35,ESP,ES,GOVT NATIONAL,20350730,0,EUR
NL00150028D0,DTC,DTB 0 27/02/25,NLD,NL,GOVT NATIONAL,20250227,0,EUR
FR0014003N51,OAI,FRTRi 0.100 01/03/32,FRF,FR,GOVT NATIONAL,20320301,3,EUR
ES00000120Q3,CUP,SPGBS 0 30/07/34,ESP,ES,GOVT NATIONAL,20340730,0,EUR
ES00000120P5,CUP,SPGBS 0 30/07/33,ESP,ES,GOVT NATIONAL,20330730,0,EUR
ES00000120O8,PRL,SPGBR 0 30/07/40,ESP,ES,GOVT NATIONAL,20400730,0,EUR
PTOTEAOE0005,PTE,PGB 3.000 15/06/35,PTE,PT,GOVT NATIONAL,20350615,1,EUR
IT0003535157,BTP,BTPS 5.000 01/08/34,MTS,IT,GOVT NATIONAL,20340801,1,EUR
BE0008582463,BFS,BE-strips 22/06/71,BEL,BE,GOVT NATIONAL,20710622,0,EUR
FI4000511449,RFG,RFGB 0 15/09/26,FIN,FI,GOVT NATIONAL,20260915,1,EUR
FR0010871079,FFS,OAT 0%25/04/60 DEM,FRF,FR,GOVT NATIONAL,20600425,0,EUR
DE0001030583,GIL,DBRi 0.100 15/04/33,GEM,DE,GOVT NATIONAL,20330415,3,EUR
FR0012558310,OAI,FRTRi 0.100 01/03/25,FRF,FR,GOVT NATIONAL,20250301,3,EUR
IT0005177909,BTP,BTPS 2.250 01/09/36,MTS,IT,GOVT NATIONAL,20360901,1,EUR
SK4000022547,SVK,SLOVGB 4.000 23/02/43,SLK,SK,GOVT NATIONAL,20430223,1,EUR
IT0005534141,BTP,BTPS 4.500 01/10/53,MTS,IT,GOVT NATIONAL,20531001,1,EUR
HU0000362975,MFB,MAGYAR 8.200 23/03/28,HUN,LV,BANK,20280323,1,HUF
CZ0001006241,CGF,CZGB FLOAT 3.880 31/10/31,CZE,CZ,GOVT NATIONAL,20311031,2,CZK
FR0128379502,FTB,BTF 0 18/06/25,FRF,FR,GOVT NATIONAL,20250618,0,EUR
ES0000012G75,PRL,SPGBR 0  30/04/30,ESP,ES,GOVT NATIONAL,20300430,0,EUR
IL0011661803,SHA,ILGOV 1.500 31/05/37,ISR,IL,GOVT NATIONAL,20370531,1,ILS
DE0001102432,DEM,DBR 1.250 15/08/48,GEM,DE,GOVT NATIONAL,20480815,1,EUR
SK4120007543,SVK,SLOVGB 4.350 14/10/25,SLK,SK,GOVT NATIONAL,20251014,1,EUR
IT0005557084,BTP,BTPS 3.600 29/09/25,MTS,IT,GOVT NATIONAL,20250929,1,EUR
ES00000127F1,CUP,SPGBS 0 30/04/25,ESP,ES,GOVT NATIONAL,20250430,0,EUR
HU0000403555,HGB,HGB 3.000 27/10/38,HUN,HU,GOVT NATIONAL,20381027,1,HUF
IT0005548315,BTP,BTPS 3.800 01/08/28,MTS,IT,GOVT NATIONAL,20280801,1,EUR
BE0000358672,OLO,BGB 3.300 22/06/54 #98,BEL,BE,GOVT NATIONAL,20540622,1,EUR
BE0008541055,BFS,BE-strips 22/06/54,BEL,BE,GOVT NATIONAL,20540622,0,EUR
EU000A3LNF05,NXG,EU 3.125 04/12/30,EUM,EU,Supranational,20301204,1,EUR
SK4000022539,SVK,SLOVGB 3.750 23/02/35,SLK,SK,GOVT NATIONAL,20350223,1,EUR
AT0000A3BPY0,ATB,ATB 0 30/01/25,ATS,AT,GOVT NATIONAL,20250130,0,EUR
IL0012128935,SHA,ILGOV 4.600 31/08/29,ISR,IL,GOVT NATIONAL,20290831,1,ILS
PTOTELOE0028,PTE,PGB 0.475 18/10/30,PTE,PT,GOVT NATIONAL,20301018,1,EUR
IT0005419848,BTP,BTPS 0.500 01/02/26,MTS,IT,GOVT NATIONAL,20260201,1,EUR
FR0128537208,FTB,BTF 0 12/03/25,FRF,FR,GOVT NATIONAL,20250312,0,EUR
ES0000012H82,CUP,SPGBS 0 31/01/26,ESP,ES,GOVT NATIONAL,20260131,0,EUR
ES0000012H74,CUP,SPGBS 0 31/01/25,ESP,ES,GOVT NATIONAL,20250131,0,EUR
IT0001174611,BTP,BTPS 6.500 01/11/27,MTS,IT,GOVT NATIONAL,20271101,1,EUR
IT0001086567,BTP,BTPS 7.250 01/11/26,MTS,IT,GOVT NATIONAL,20261101,1,EUR
FI4000441878,RFG,RFGB 0 15/09/30,FIN,FI,GOVT NATIONAL,20300915,1,EUR
PTOTEROE0014,PTE,PGB 3.875 15/02/30,PTE,PT,GOVT NATIONAL,20300215,1,EUR
IE00BKFVC345,IRL,IRISH 0.400 15/05/35,IRL,IE,GOVT NATIONAL,20350515,1,EUR
DE000BU2Z023,DEM,DBR 2.200 15/02/34,GEM,DE,GOVT NATIONAL,20340215,1,EUR
CZ0001005375,CGB,CZGB 2.750 23/07/29,CZE,CZ,GOVT NATIONAL,20290723,1,CZK
CZ0001006076,CGB,CZGB 0.050 29/11/29,CZE,CZ,GOVT NATIONAL,20291129,1,CZK
FR0013250560,OAT,FRTR 1.000 25/05/27,FRF,FR,GOVT NATIONAL,20270525,1,EUR
DE000BU22056,DEM,BKO 2.900 18/06/26,GEM,DE,GOVT NATIONAL,20260618,1,EUR
IL0012052028,ILT,ILTBIL 0 28/02/25,ISR,IL,GOVT NATIONAL,20250228,0,ILS
ES0000012O00,BON,SPGB 2.700 31/01/30,ESP,ES,GOVT NATIONAL,20300131,1,EUR
FR0128690726,FTB,BTF 0 05/11/25,FRF,FR,GOVT NATIONAL,20251105,0,EUR
ES0000012O42,PRL,SPGBR 0  31/10/54,ESP,ES,GOVT NATIONAL,20541031,0,EUR
ES0000012J56,CUP,SPGBS 0 31/10/65,ESP,ES,GOVT NATIONAL,20651031,0,EUR
DE0001030716,DEM,OBL 0 10/10/25 #G,GEM,DE,GOVT NATIONAL,20251010,1,EUR
ES0000012J72,CUP,SPGBS 0 31/10/67,ESP,ES,GOVT NATIONAL,20671031,0,EUR
ES00000126D8,OBE,SPGB 4.000 31/10/64,ESP,ES,GOVT NATIONAL,20641031,1,EUR
ES0000012J64,CUP,SPGBS 0 31/10/66,ESP,ES,GOVT NATIONAL,20661031,0,EUR
FR0013154028,OAT,FRTR 1.750 25/05/66,FRF,FR,GOVT NATIONAL,20660525,1,EUR
CZ0001007041,CGF,CZGB FLOAT 4.190 18/08/43,CZE,CZ,GOVT NATIONAL,20430818,2,CZK
FR0013154044,OAT,FRTR 1.250 25/05/36,FRF,FR,GOVT NATIONAL,20360525,1,EUR
ES00000127J3,PRL,SPGBR 0 30/07/30,ESP,ES,GOVT NATIONAL,20300730,0,EUR
EU000A3K4EN5,NXG,EU 3.125 05/12/28,EUM,EU,Supranational,20281205,1,EUR
IT0005596470,BTP,BTPS 4.050 30/10/37 G,MTS,IT,GOVT NATIONAL,20371030,1,EUR
DE000BU0E212,GTC,BUBILL 0 17/09/25,GEM,DE,GOVT NATIONAL,20250917,0,EUR
IL0011408478,IIL,ILCPI 0.750 31/05/27,ISR,IL,GOVT NATIONAL,20270531,3,ILS
FR0128537224,FTB,BTF 0 17/07/25,FRF,FR,GOVT NATIONAL,20250717,0,EUR
FI4000577952,RFG,RFGB 2.500 15/04/30,FIN,FI,GOVT NATIONAL,20300415,1,EUR
ES0L02505094,LET,SGLT 0 09/05/25,ESP,ES,GOVT NATIONAL,20250509,0,EUR
ES00000127S4,CUP,SPGBS 0 30/07/25,ESP,ES,GOVT NATIONAL,20250730,0,EUR
IT0001444378,BTP,BTPS 6.000 01/05/31,MTS,IT,GOVT NATIONAL,20310501,1,EUR
ES0000012L78,OBE,SPGB 3.550 31/10/33,ESP,ES,GOVT NATIONAL,20331031,1,EUR
ES0000012C12,SIL,SPGBei 0.700 30/11/33,ESP,ES,GOVT NATIONAL,20331130,3,EUR
HU0000361761,MFB,MAGYAR 7.800 26/11/25,HUN,LV,BANK,20251126,1,HUF
ES00000127X4,CUP,SPGBS 0 30/07/30,ESP,ES,GOVT NATIONAL,20300730,0,EUR
ES00000127W6,CUP,SPGBS 0 30/07/29,ESP,ES,GOVT NATIONAL,20290730,0,EUR
IT0005345183,BTP,BTPS 2.500 15/11/25,MTS,IT,GOVT NATIONAL,20251115,1,EUR
ES00000127V8,CUP,SPGBS 0 30/07/28,ESP,ES,GOVT NATIONAL,20280730,0,EUR
ES00000127U0,CUP,SPGBS 0 30/07/27,ESP,ES,GOVT NATIONAL,20270730,0,EUR
ES00000127T2,CUP,SPGBS 0 30/07/26,ESP,ES,GOVT NATIONAL,20260730,0,EUR
ES00000127G9,OBE,SPGB 2.150 31/10/25,ESP,ES,GOVT NATIONAL,20251031,1,EUR
FR001400IKW5,OAI,FRTRi 0.550 01/03/39,FRF,FR,GOVT NATIONAL,20390301,3,EUR
IT0005437147,BTP,BTPS 0 01/04/26,MTS,IT,GOVT NATIONAL,20260401,1,EUR
DE0001102523,DEM,DBR 0 15/11/27,GEM,DE,GOVT NATIONAL,20271115,1,EUR
XS2849767202,CYP,CYPRUS 3.250 27/06/31,CYB,CY,Sovereign,20310627,1,EUR
PTPBTVGE0036,PTC,PORTB 0 16/05/25,PTE,PT,GOVT NATIONAL,20250516,0,EUR
EU000A3K4EY2,NXG,EU 3.375 05/10/54,EUM,EU,Supranational,20541005,1,EUR
IT0001278511,BTP,BTPS 5.250 01/11/29,MTS,IT,GOVT NATIONAL,20291101,1,EUR
IT0004286966,BTP,BTPS 5.000 01/08/39,MTS,IT,GOVT NATIONAL,20390801,1,EUR
ES0000012H90,PRL,SPGBR 0 31/01/26,ESP,ES,GOVT NATIONAL,20260131,0,EUR
CZ0001005888,CGB,CZGB 1.200 13/03/31,CZE,CZ,GOVT NATIONAL,20310313,1,CZK
AT0000A2Y8G4,ATS,RAGB 1.850 23/05/49,ATS,AT,GOVT NATIONAL,20490523,1,EUR
FR0010773200,FPO,FRTRR 0 25/04/41,FRF,FR,GOVT NATIONAL,20410425,0,EUR
IT0005416570,BTP,BTPS 0.950 15/09/27,MTS,IT,GOVT NATIONAL,20270915,1,EUR
AT0000A3DV02,ATB,ATB 0 24/04/25,ATS,AT,GOVT NATIONAL,20250424,0,EUR
FR0011461581,FFS,OAT 0%25/05/37 DEM,FRF,FR,GOVT NATIONAL,20370525,0,EUR
FR0011461573,FFS,OAT 0%25/05/36 DEM,FRF,FR,GOVT NATIONAL,20360525,0,EUR
FR0011461524,FFS,OAT 0%25/05/33 DEM,FRF,FR,GOVT NATIONAL,20330525,0,EUR
FR0011461516,FFS,OAT 0%25/05/32 DEM,FRF,FR,GOVT NATIONAL,20320525,0,EUR
FR0011461565,FFS,OAT 0%25/05/35 DEM,FRF,FR,GOVT NATIONAL,20350525,0,EUR
FR0011461540,FFS,OAT 0%25/05/34 DEM,FRF,FR,GOVT NATIONAL,20340525,0,EUR
FR0011461466,FFS,OAT 0%25/05/29 DEM,FRF,FR,GOVT NATIONAL,20290525,0,EUR
FR0011461490,FFS,OAT 0%25/05/31 DEM,FRF,FR,GOVT NATIONAL,20310525,0,EUR
FR0011461482,FFS,OAT 0%25/05/30 DEM,FRF,FR,GOVT NATIONAL,20300525,0,EUR
SI0002104576,RSL,SLOREP 3.000 10/03/34,RSL,SI,GOVT NATIONAL,20340310,1,EUR
BE0000362716,OLO,BGB 2.700 22/10/29 #102,BEL,BE,GOVT NATIONAL,20291022,1,EUR
FR0014003513,OAT,FRTR 0 25/02/27,FRF,FR,GOVT NATIONAL,20270225,1,EUR
FR0010870956,OAT,FRTR 4.000 25/04/60,FRF,FR,GOVT NATIONAL,20600425,1,EUR
ES0L02601166,LET,SGLT 0 16/01/26,ESP,ES,GOVT NATIONAL,20260116,0,EUR
IT0004513641,BTP,BTPS 5.000 01/03/25,MTS,IT,GOVT NATIONAL,20250301,1,EUR
ES0000012H41,OBE,SPGB 0.100 30/04/31,ESP,ES,GOVT NATIONAL,20310430,1,EUR
FR0128690742,FTB,BTF 0 31/12/25,FRF,FR,GOVT NATIONAL,20251231,0,EUR
HU0000404926,HFR,HGB FLOAT 22/08/29,HUN,HU,GOVT NATIONAL,20290822,2,HUF
FR0128838390,FTB,BTF 0 16/04/25,FRF,FR,GOVT NATIONAL,20250416,0,EUR
DE0001030740,DEM,OBL 1.300 15/10/27 #G,GEM,DE,GOVT NATIONAL,20271015,1,EUR
IT0005496770,BTP,BTPS 3.250 01/03/38,MTS,IT,GOVT NATIONAL,20380301,1,EUR
ES0000012I81,PRL,SPGBR 0 30/04/31,ESP,ES,GOVT NATIONAL,20310430,0,EUR
FR0011461649,FFS,OAT 0%25/05/43 DEM,FRF,FR,GOVT NATIONAL,20430525,0,EUR
ES0000012I99,CUP,SPGBS 0 30/04/31,ESP,ES,GOVT NATIONAL,20310430,0,EUR
FR0011461615,FFS,OAT 0%25/05/40 DEM,FRF,FR,GOVT NATIONAL,20400525,0,EUR
FR0011461607,FFS,OAT 0%25/05/39 DEM,FRF,FR,GOVT NATIONAL,20390525,0,EUR
FR0011317783,OAT,FRTR 2.750 25/10/27,FRF,FR,GOVT NATIONAL,20271025,1,EUR
FR0011461631,FFS,OAT 0%25/05/42 DEM,FRF,FR,GOVT NATIONAL,20420525,0,EUR
FR0011461623,FFS,OAT 0%25/05/41 DEM,FRF,FR,GOVT NATIONAL,20410525,0,EUR
FR0011461599,FFS,OAT 0%25/05/38 DEM,FRF,FR,GOVT NATIONAL,20380525,0,EUR
DE000BU2F009,DEM,DBR 2.600 15/05/41,GEM,DE,GOVT NATIONAL,20410515,1,EUR
ES0000012M77,BON,SPGB 2.500 31/05/27,ESP,ES,GOVT NATIONAL,20270531,1,EUR
ES0L02502075,LET,SGLT 0 07/02/25,ESP,ES,GOVT NATIONAL,20250207,0,EUR
NL0013332430,DSL,NETHER 0.250 15/07/29,NLD,NL,GOVT NATIONAL,20290715,1,EUR
HU0000360896,MFB,MAGYAR 4.200 20/04/33,HUN,LV,BANK,20330420,1,HUF
DE0001102374,DEM,DBR 0.500 15/02/25,GEM,DE,GOVT NATIONAL,20250215,1,EUR
IE00BMQ5JM72,IRL,IRISH 0.550 22/04/41,IRL,IE,GOVT NATIONAL,20410422,1,EUR
BE0312807796,BTC,BGTB 0 11/12/25,BEL,BE,GOVT NATIONAL,20251211,0,EUR
BE0000352618,OLO,BGB 0 22/10/31 #92,BEL,BE,GOVT NATIONAL,20311022,1,EUR
FR0013524014,OAI,FRTRi 0.100 01/03/36,FRF,FR,GOVT NATIONAL,20360301,3,EUR
AT0000A04967,ATS,RAGB 4.150 15/03/37,ATS,AT,GOVT NATIONAL,20370315,1,EUR
FR0013451507,OAT,FRTR 0 25/11/29,FRF,FR,GOVT NATIONAL,20291125,1,EUR
FR0011461656,FFS,OAT 0%25/05/44 DEM,FRF,FR,GOVT NATIONAL,20440525,0,EUR
FR0011461664,FFS,OAT 0%25/05/45 DEM,FRF,FR,GOVT NATIONAL,20450525,0,EUR
HU0000363593,MFB,MAGYAR 6.500 23/05/29,HUN,LV,BANK,20290523,1,HUF
IT0005363111,BTP,BTPS 3.850 01/09/49,MTS,IT,GOVT NATIONAL,20490901,1,EUR
NL0015001XZ6,DSL,NETHER 2.500 15/07/34,NLD,NL,GOVT NATIONAL,20340715,1,EUR
PTOTEBOE0020,PTE,PGB 4.100 15/02/45,PTE,PT,GOVT NATIONAL,20450215,1,EUR
ES0000012G18,PRL,SPGBR 0  31/10/29,ESP,ES,GOVT NATIONAL,20291031,0,EUR
PTOTEKOE0011,PTE,PGB 2.875 15/10/25,PTE,PT,GOVT NATIONAL,20251015,1,EUR
FI4000242870,RFG,RFGB 1.375 15/04/47,FIN,FI,GOVT NATIONAL,20470415,1,EUR
DE0001030567,GIL,DBRi 0.100 15/04/26,GEM,DE,GOVT NATIONAL,20260415,3,EUR
NL0015002CO2,DTC,DTB 0 27/06/25,NLD,NL,GOVT NATIONAL,20250627,0,EUR
NL0009446418,DSL,NETHER 3.750 15/01/42,NLD,NL,GOVT NATIONAL,20420115,1,EUR
BE0008071202,BFS,BE-strips 28/03/35,BEL,BE,GOVT NATIONAL,20350328,0,EUR
BE0008063126,BFS,BE-strips 28/03/28,BEL,BE,GOVT NATIONAL,20280328,0,EUR
BE0008061104,BFS,BE-strips 28/03/26,BEL,BE,GOVT NATIONAL,20260328,0,EUR
BE0008077266,BFS,BE-strips 28/03/41,BEL,BE,GOVT NATIONAL,20410328,0,EUR
ES0000012K38,BON,SPGB 0 31/05/25,ESP,ES,GOVT NATIONAL,20250531,1,EUR
IT0005554982,CCT,CCTeu 2.130 15/10/31,MTS,IT,GOVT NATIONAL,20311015,2,EUR
IT0005517195,ITA,BTPSi ITA 1.600 22/11/28,MTS,IT,GOVT NATIONAL,20281122,3,EUR
ES0000012M28,CUP,SPGBS 0 30/04/33,ESP,ES,GOVT NATIONAL,20330430,0,EUR
ES0000012M02,CUP,SPGBS 0 31/05/26,ESP,ES,GOVT NATIONAL,20260531,0,EUR
FR0011982776,OAI,FRTRei 0.700 25/07/30,FRF,FR,GOVT NATIONAL,20300725,3,EUR
ES0L02508080,LET,SGLT 0 08/08/25,ESP,ES,GOVT NATIONAL,20250808,0,EUR
AT0000A0DXC2,ATS,RAGB 4.850 15/03/26,ATS,AT,GOVT NATIONAL,20260315,1,EUR
DE000BU25042,DEM,OBL 2.400 18/04/30 #191,GEM,DE,GOVT NATIONAL,20300418,1,EUR
SK4000018958,SVK,SLOVGB 0.375 21/04/36,SLK,SK,GOVT NATIONAL,20360421,1,EUR
DE0001141828,DEM,OBL 0 10/10/25 #182,GEM,DE,GOVT NATIONAL,20251010,1,EUR
DE000BU2Z015,DEM,DBR 2.600 15/08/33,GEM,DE,GOVT NATIONAL,20330815,1,EUR
DE0001141844,DEM,OBL 0 09/10/26 #184,GEM,DE,GOVT NATIONAL,20261009,1,EUR
ES00000127A2,OBE,SPGB 1.950 30/07/30,ESP,ES,GOVT NATIONAL,20300730,1,EUR
XS1989383788,CYP,CYPRUS 2.750 03/05/49,CYB,CY,Sovereign,20490503,1,EUR
IT0005210650,BTP,BTPS 1.250 01/12/26,MTS,IT,GOVT NATIONAL,20261201,1,EUR
IT0005090318,BTP,BTPS 1.500 01/06/25,MTS,IT,GOVT NATIONAL,20250601,1,EUR
IT0005425233,BTP,BTPS 1.700 01/09/51,MTS,IT,GOVT NATIONAL,20510901,1,EUR
HU0000525126,HTB,HTB 0 23/12/25,HUN,HU,GOVT NATIONAL,20251223,0,HUF
DE000BU22072,DEM,BKO 2.000 10/12/26,GEM,DE,GOVT NATIONAL,20261210,1,EUR
FR0014004J31,OAT,FRTR 0.750 25/05/53,FRF,FR,GOVT NATIONAL,20530525,1,EUR
FR0128690734,FTB,BTF 0 03/12/25,FRF,FR,GOVT NATIONAL,20251203,0,EUR
NL00150028V2,DTC,DTB 0 28/03/25,NLD,NL,GOVT NATIONAL,20250328,0,EUR
AT0000A2NW83,ATS,RAGB 0 20/02/31,ATS,AT,GOVT NATIONAL,20310220,1,EUR
PTPBTOGE0068,PTC,PORTB 0 21/11/25,PTE,PT,GOVT NATIONAL,20251121,0,EUR
CZ0001007397,CGB,CZGB 4.000 04/04/44,CZE,CZ,GOVT NATIONAL,20440404,1,CZK
SI0002104121,RSL,SLOREP 0.6875 03/03/81,RSL,SI,GOVT NATIONAL,20810303,1,EUR
IL0011401937,SHA,ILGOV 3.750 31/03/47,ISR,IL,GOVT NATIONAL,20470331,1,ILS
BE0008531924,BFS,BE-strips 22/06/44,BEL,BE,GOVT NATIONAL,20440622,0,EUR
HU0000362934,MFB,MAGYAR 5.500 29/06/27,HUN,LV,BANK,20270629,1,EUR
BE0008529902,BFS,BE-strips 22/06/42,BEL,BE,GOVT NATIONAL,20420622,0,EUR
FI4000369467,RFG,RFGB 0.500 15/09/29,FIN,FI,GOVT NATIONAL,20290915,1,EUR
BE0008530918,BFS,BE-strips 22/06/43,BEL,BE,GOVT NATIONAL,20430622,0,EUR
BE0008528896,BFS,BE-strips 22/06/41,BEL,BE,GOVT NATIONAL,20410622,0,EUR
FR0010773192,OAT,FRTR 4.500 25/04/41,FRF,FR,GOVT NATIONAL,20410425,1,EUR
ES0000012N84,CUP,SPGBS 0 31/05/28,ESP,ES,GOVT NATIONAL,20280531,0,EUR
ES0000012N92,CUP,SPGBS 0 31/05/29,ESP,ES,GOVT NATIONAL,20290531,0,EUR
FR0014001OC9,FFS,OAT 0%25/05/71 DEM,FRF,FR,GOVT NATIONAL,20710525,0,EUR
FR0014001OB1,FFS,OAT 0%25/05/70 DEM,FRF,FR,GOVT NATIONAL,20700525,0,EUR
HU0000360037,MFB,MAGYAR 1.900 22/04/26,HUN,LV,BANK,20260422,1,HUF
ES0000012H58,OBE,SPGB 1.450 31/10/71,ESP,ES,GOVT NATIONAL,20711031,1,EUR
FR0014001OD7,FFS,OAT 0%25/05/72 DEM,FRF,FR,GOVT NATIONAL,20720525,0,EUR
IL0011722209,IIL,ILCPI 0.100 30/11/31,ISR,IL,GOVT NATIONAL,20311130,3,ILS
FR0014001O86,FFS,OAT 0%25/05/67 DEM,FRF,FR,GOVT NATIONAL,20670525,0,EUR
FR0014001OA3,FFS,OAT 0%25/05/69 DEM,FRF,FR,GOVT NATIONAL,20690525,0,EUR
FR0014001O94,FFS,OAT 0%25/05/68 DEM,FRF,FR,GOVT NATIONAL,20680525,0,EUR
IT0005246134,BTi,BTPSi 1.300 15/05/28,MTS,IT,GOVT NATIONAL,20280515,3,EUR
ES0000012M85,OBE,SPGB 3.250 30/04/34,ESP,ES,GOVT NATIONAL,20340430,1,EUR
BE0000334434,OLO,BGB 0.800 22/06/25 #74,BEL,BE,GOVT NATIONAL,20250622,1,EUR
FI4000148630,RFG,RFGB 0.750 15/04/31,FIN,FI,GOVT NATIONAL,20310415,1,EUR
IL0011348658,IIL,ILCPI 1.000 31/05/45,ISR,IL,GOVT NATIONAL,20450531,3,ILS
ES0000012M10,PRL,SPGBR 0 30/04/33,ESP,ES,GOVT NATIONAL,20330430,0,EUR
ES0000012L86,PRL,SPGBR 0 31/05/26,ESP,ES,GOVT NATIONAL,20260531,0,EUR
ES0000012L94,CUP,SPGBS 0 31/05/25,ESP,ES,GOVT NATIONAL,20250531,0,EUR
AT0000A3EPP2,ATS,RAGB 2.500 20/10/29,ATS,AT,GOVT NATIONAL,20291020,1,EUR
IE000LQ7YWY4,IRL,IRISH 2.600 18/10/34,IRL,IE,GOVT NATIONAL,20341018,1,EUR
ES00000128C6,OBE,SPGB 2.900 31/10/46,ESP,ES,GOVT NATIONAL,20461031,1,EUR
HU0000404744,HGB,HGB 2.250 20/04/33,HUN,HU,GOVT NATIONAL,20330420,1,HUF
HU0000364286,MFB,MAGYAR 6.100 27/06/29,HUN,LV,BANK,20290627,1,HUF
BE0000355645,OLO,BGB 1.400 22/06/53 #95,BEL,BE,GOVT NATIONAL,20530622,1,EUR
ES0L02509054,LET,SGLT 0 05/09/25,ESP,ES,GOVT NATIONAL,20250905,0,EUR
AT0000A2QQB6,ATS,RAGB 0.700 20/04/71,ATS,AT,GOVT NATIONAL,20710420,1,EUR
IL0011695645,IIL,ILCPI 0.100 31/07/26,ISR,IL,GOVT NATIONAL,20260731,3,ILS
IT0005321325,BTP,BTPS 2.950 01/09/38,MTS,IT,GOVT NATIONAL,20380901,1,EUR
ES0000012I24,OBE,SPGB 0.850 30/07/37,ESP,ES,GOVT NATIONAL,20370730,1,EUR
FR0128690684,FTB,BTF 0 07/05/25,FRF,FR,GOVT NATIONAL,20250507,0,EUR
PTOTEVOE0018,PTE,PGB 2.125 17/10/28,PTE,PT,GOVT NATIONAL,20281017,1,EUR
AT0000A2QRW0,ATS,RAGB 0 20/04/25,ATS,AT,GOVT NATIONAL,20250420,1,EUR
FI4000348727,RFG,RFGB 0.500 15/09/28,FIN,FI,GOVT NATIONAL,20280915,1,EUR
ES0000012N76,CUP,SPGBS 0 31/05/27,ESP,ES,GOVT NATIONAL,20270531,0,EUR
DE0001135325,DEM,DBR 4.250 04/07/39,GEM,DE,GOVT NATIONAL,20390704,1,EUR
IT0005534281,BTP,BTPS 3.400 28/03/25,MTS,IT,GOVT NATIONAL,20250328,1,EUR
IT0005467482,BTP,BTPS 0.450 15/02/29,MTS,IT,GOVT NATIONAL,20290215,1,EUR
AT0000383864,ATS,RAGB 6.250 15/07/27,ATS,AT,GOVT NATIONAL,20270715,1,EUR
IT0005584856,BTP,BTPS 3.850 01/07/34,MTS,IT,GOVT NATIONAL,20340701,1,EUR
IT0004923998,BTP,BTPS 4.750 01/09/44,MTS,IT,GOVT NATIONAL,20440901,1,EUR
EU000A3K4DY4,NXG,EU 3.0 04/03/53,EUM,EU,Supranational,20530304,1,EUR
IT0005508590,BTP,BTPS 4.000 30/04/35 G,MTS,IT,GOVT NATIONAL,20350430,1,EUR
EU000A3K4DW8,NXG,EU 2.750 04/02/33 G,EUM,EU,Supranational,20330204,1,EUR
ES0000012H17,PRL,SPGBR 0  31/10/40,ESP,ES,GOVT NATIONAL,20401031,0,EUR
NL0012171458,DSL,NETHER 0.750 15/07/27,NLD,NL,GOVT NATIONAL,20270715,1,EUR
BE0000340498,OLO,BGB 2.150 22/06/66 #80,BEL,BE,GOVT NATIONAL,20660622,1,EUR
AT0000A2VB47,ATS,RAGB 0 20/10/28,ATS,AT,GOVT NATIONAL,20281020,1,EUR
DE000BU0E188,GTC,BUBILL 0 18/06/25,GEM,DE,GOVT NATIONAL,20250618,0,EUR
FR0011883966,OAT,FRTR 2.500 25/05/30,FRF,FR,GOVT NATIONAL,20300525,1,EUR
ES0L02504113,LET,SGLT 0 11/04/25,ESP,ES,GOVT NATIONAL,20250411,0,EUR
IT0005518128,BTP,BTPS 4.400 01/05/33,MTS,IT,GOVT NATIONAL,20330501,1,EUR
FR0010371401,OAT,FRTR 4.000 25/10/38,FRF,FR,GOVT NATIONAL,20381025,1,EUR
CZ0001006894,CGB,CZGB 4.900 14/04/34,CZE,CZ,GOVT NATIONAL,20340414,1,CZK
CZ0001006506,CGB,CZGB 6.000 26/02/26,CZE,CZ,GOVT NATIONAL,20260226,1,CZK
HU0000405535,HGB,HGB 4.500 27/05/32,HUN,HU,GOVT NATIONAL,20320527,1,HUF
IT0005449969,BTP,BTPS 0.950 01/12/31,MTS,IT,GOVT NATIONAL,20311201,1,EUR
AT0000A1K9C8,ATS,RAGB 0.750 20/10/26,ATS,AT,GOVT NATIONAL,20261020,1,EUR
AT0000A1K9F1,ATS,RAGB 1.500 20/02/47,ATS,AT,GOVT NATIONAL,20470220,1,EUR
NL00150026M5,DTC,DTB 0 30/01/25,NLD,NL,GOVT NATIONAL,20250130,0,EUR
IT0005584849,BTP,BTPS 3.350 01/07/29,MTS,IT,GOVT NATIONAL,20290701,1,EUR
ES00000129A8,CUP,SPGBS 0  30/07/33,ESP,ES,GOVT NATIONAL,20330730,0,EUR
ES00000129B6,CUP,SPGBS 0  30/07/34,ESP,ES,GOVT NATIONAL,20340730,0,EUR
HU0000402532,HGB,HGB 6.750 22/10/28,HUN,HU,GOVT NATIONAL,20281022,1,HUF
ES00000129C4,CUP,SPGBS 0  30/07/35,ESP,ES,GOVT NATIONAL,20350730,0,EUR
ES00000129D2,CUP,SPGBS 0  30/07/36,ESP,ES,GOVT NATIONAL,20360730,0,EUR
ES00000129E0,CUP,SPGBS 0  30/07/37,ESP,ES,GOVT NATIONAL,20370730,0,EUR
ES00000129F7,CUP,SPGBS 0  30/07/38,ESP,ES,GOVT NATIONAL,20380730,0,EUR
ES00000129G5,CUP,SPGBS 0  30/07/39,ESP,ES,GOVT NATIONAL,20390730,0,EUR
IL0012051459,GLN,ILFRN 4.320 30/11/34,ISR,IL,GOVT NATIONAL,20341130,2,ILS
ES00000129H3,CUP,SPGBS 0  30/07/40,ESP,ES,GOVT NATIONAL,20400730,0,EUR
IT0005451361,CCT,CCTeu 1.878 15/04/29,MTS,IT,GOVT NATIONAL,20290415,2,EUR
HU0000404892,HGB,HGB 2.250 22/06/34,HUN,HU,GOVT NATIONAL,20340622,1,HUF
NL0015001AM2,DSL,NETHER 2.500 15/07/33,NLD,NL,GOVT NATIONAL,20330715,1,EUR
EU000A3K4DJ5,NXG,EU 0.8 04/07/25,EUM,EU,Supranational,20250704,1,EUR
ES00000128Z7,CUP,SPGBS 0  30/07/32,ESP,ES,GOVT NATIONAL,20320730,0,EUR
DE0001102416,DEM,DBR 0.250 15/02/27,GEM,DE,GOVT NATIONAL,20270215,1,EUR
HU0000404058,HGB,HGB 1.000 26/11/25,HUN,HU,GOVT NATIONAL,20251126,1,HUF
IL0011393449,SHA,ILGOV 2.000 31/03/27,ISR,IL,GOVT NATIONAL,20270331,1,ILS
BE0000333428,OLO,BGB 3.000 22/06/34 #73,BEL,BE,GOVT NATIONAL,20340622,1,EUR
ES00000129I1,CUP,SPGBS 0  30/07/41,ESP,ES,GOVT NATIONAL,20410730,0,EUR
IT0005358806,BTP,BTPS 3.350 01/03/35,MTS,IT,GOVT NATIONAL,20350301,1,EUR
NL0013552060,DSL,NETHER 0.500 15/01/40,NLD,NL,GOVT NATIONAL,20400115,1,EUR
SK4120013400,SVK,SLOVGB 2.000 17/10/47,SLK,SK,GOVT NATIONAL,20471017,1,EUR
SK4120008665,SVK,SLOVGB 4.400 11/07/29,SLK,SK,GOVT NATIONAL,20290711,1,EUR
ES00000128U8,PRL,SPGBR 0  30/07/66,ESP,ES,GOVT NATIONAL,20660730,0,EUR
IE00BDHDPR44,IRL,IRISH 0.900 15/05/28,IRL,IE,GOVT NATIONAL,20280515,1,EUR
ES0000012A89,OBE,SPGB 1.450 31/10/27,ESP,ES,GOVT NATIONAL,20271031,1,EUR
ES0000012F68,PRL,SPGBR 0 30/07/35,ESP,ES,GOVT NATIONAL,20350730,0,EUR
FR0013209871,OAI,FRTRei 0.100 25/07/47,FRF,FR,GOVT NATIONAL,20470725,3,EUR
SK4000019857,SVK,SLOVGB 1.000 13/10/51,SLK,SK,GOVT NATIONAL,20511013,1,EUR
FR001400FTH3,OAT,FRTR 3.000 25/05/54,FRF,FR,GOVT NATIONAL,20540525,1,EUR
ES0000012H09,PRL,SPGBR 0  31/10/30,ESP,ES,GOVT NATIONAL,20301031,0,EUR
EU000A3K7MW2,NXG,EU 1.625 04/12/29,EUM,EU,Supranational,20291204,1,EUR
FR001400CMX2,OAT,FRTR 2.500 25/05/43,FRF,FR,GOVT NATIONAL,20430525,1,EUR
ES00000128Q6,OBE,SPGB 2.350 30/07/33,ESP,ES,GOVT NATIONAL,20330730,1,EUR
BE0008067168,BFS,BE-strips 28/03/32,BEL,BE,GOVT NATIONAL,20320328,0,EUR
FR0011008705,OAI,FRTRei 1.850 25/07/27,FRF,FR,GOVT NATIONAL,20270725,3,EUR
ES00000128Y0,CUP,SPGBS 0  30/07/31,ESP,ES,GOVT NATIONAL,20310730,0,EUR
SI0002103776,RSL,SLOREP 1.000 06/03/28,RSL,SI,GOVT NATIONAL,20280306,1,EUR
IL0012043795,IIL,ILCPI 1.600 31/10/33,ISR,IL,GOVT NATIONAL,20331031,3,ILS
IT0005415416,BTi,BTPSi 0.650 15/05/26,MTS,IT,GOVT NATIONAL,20260515,3,EUR
ES0000012M44,PRL,SPGBR 0  30/07/43,ESP,ES,GOVT NATIONAL,20430730,0,EUR
BE0000326356,OLO,BGB 4.000 28/03/32 #66,BEL,BE,GOVT NATIONAL,20320328,1,EUR
DE000BU0E154,GTC,BUBILL 0 19/03/25,GEM,DE,GOVT NATIONAL,20250319,0,EUR
BE0312800726,BTC,BGTB 0 08/05/25,BEL,BE,GOVT NATIONAL,20250508,0,EUR
BE0000345547,OLO,BGB 0.800 22/06/28 #85,BEL,BE,GOVT NATIONAL,20280622,1,EUR
DE000BU0E162,GTC,BUBILL 0 16/04/25,GEM,DE,GOVT NATIONAL,20250416,0,EUR
AT0000A2T198,ATS,RAGB 0.250 20/10/36,ATS,AT,GOVT NATIONAL,20361020,1,EUR
FR0010371427,FPO,FRTRR 0 25/10/38,FRF,FR,GOVT NATIONAL,20381025,0,EUR
IT0005466013,BTP,BTPS 0.950 01/06/32,MTS,IT,GOVT NATIONAL,20320601,1,EUR
AT0000A0VRQ6,ATS,RAGB 3.150 20/06/44,ATS,AT,GOVT NATIONAL,20440620,1,EUR
SI0002104196,RSL,SLOREP 0.125 01/07/31,RSL,SI,GOVT NATIONAL,20310701,1,EUR
FI4000046545,RFG,RFGB 2.625 04/07/42,FIN,FI,GOVT NATIONAL,20420704,1,EUR
EU000A3LZ0X9,NXG,EU 3.375 04/10/39,EUM,EU,Supranational,20391004,1,EUR
CZ0001006696,CGB,CZGB 5.500 12/12/28,CZE,CZ,GOVT NATIONAL,20281212,1,CZK
CZ0001006688,CGB,CZGB 5.000 30/09/30,CZE,CZ,GOVT NATIONAL,20300930,1,CZK
IT0005083057,BTP,BTPS 3.250 01/09/46,MTS,IT,GOVT NATIONAL,20460901,1,EUR
IL0011806606,SHA,ILGOV 1.300 30/04/32,ISR,IL,GOVT NATIONAL,20320430,1,ILS
SK4120010430,SVK,SLOVGB 1.375 21/01/27,SLK,SK,GOVT NATIONAL,20270121,1,EUR
IT0005482994,BTi,BTPSi 0.100 15/05/33,MTS,IT,GOVT NATIONAL,20330515,3,EUR
BE0008537012,BFS,BE-strips 22/06/50,BEL,BE,GOVT NATIONAL,20500622,0,EUR
ES00000122V9,PRL,SPGBR 0 30/07/41,ESP,ES,GOVT NATIONAL,20410730,0,EUR
IL0011417958,GLN,ILFRN 4.320 31/05/26,ISR,IL,GOVT NATIONAL,20260531,2,ILS
ES00000122U1,PRL,SPGBR 0 30/07/25,ESP,ES,GOVT NATIONAL,20250730,0,EUR
IT0005311508,CCT,CCTeu 2.029 15/04/25,MTS,IT,GOVT NATIONAL,20250415,2,EUR
DE0001102424,DEM,DBR 0.500 15/08/27,GEM,DE,GOVT NATIONAL,20270815,1,EUR
NL0015001RG8,DSL,NETHER 3.250 15/01/44,NLD,NL,GOVT NATIONAL,20440115,1,EUR
ES00000122W7,CUP,SPGBS 0 30/07/41,ESP,ES,GOVT NATIONAL,20410730,0,EUR
IL0012035791,SHA,ILGOV 3.750 30/09/27,ISR,IL,GOVT NATIONAL,20270930,1,ILS
NL0012818504,DSL,NETHER 0.750 15/07/28,NLD,NL,GOVT NATIONAL,20280715,1,EUR
IT0005627853,BOT,BOT 12/12/25 12M,MTS,IT,GOVT NATIONAL,20251212,0,EUR
NL0011819040,DSL,NETHER 0.500 15/07/26,NLD,NL,GOVT NATIONAL,20260715,1,EUR
ES00000128G7,CUP,SPGBS 0 30/04/26,ESP,ES,GOVT NATIONAL,20260430,0,EUR
FI4000523238,RFG,RFGB 1.500 15/09/32,FIN,FI,GOVT NATIONAL,20320915,1,EUR
IE00BV8C9B83,IRL,IRISH 1.700 15/05/37,IRL,IE,GOVT NATIONAL,20370515,1,EUR
ES00000128F9,PRL,SPGBR 0 30/04/26,ESP,ES,GOVT NATIONAL,20260430,0,EUR
IL0011609851,SHA,ILGOV 1.000 31/03/30,ISR,IL,GOVT NATIONAL,20300331,1,ILS
ES0000012O18,SIL,SPGBei 1.150 30/11/36,ESP,ES,GOVT NATIONAL,20361130,3,EUR
FR0013238268,OAI,FRTRi 0.100 01/03/28,FRF,FR,GOVT NATIONAL,20280301,3,EUR
AT0000A0U299,ATS,RAGB 3.800 26/01/62,ATS,AT,GOVT NATIONAL,20620126,1,EUR
PTOTESOE0021,PTE,PGB 2.875 20/10/34,PTE,PT,GOVT NATIONAL,20341020,1,EUR
CZ0001002059,CGB,CZGB 4.850 26/11/57,CZE,CZ,GOVT NATIONAL,20571126,1,CZK
FR0010871038,FFS,OAT 0%25/04/56 DEM,FRF,FR,GOVT NATIONAL,20560425,0,EUR
ES00000126Z1,OBE,SPGB 1.600 30/04/25,ESP,ES,GOVT NATIONAL,20250430,1,EUR
FR0128690668,FTB,BTF 0 19/03/25,FRF,FR,GOVT NATIONAL,20250319,0,EUR
ES0000012E93,PRL,SPGBR 0  30/04/29,ESP,ES,GOVT NATIONAL,20290430,0,EUR
ES0000012I32,OBE,SPGB 0.500 31/10/31,ESP,ES,GOVT NATIONAL,20311031,1,EUR
IT0005495731,BTP,BTPS 2.800 15/06/29,MTS,IT,GOVT NATIONAL,20290615,1,EUR
IT0005614182,BOT,BOT 31/03/25 6M,MTS,IT,GOVT NATIONAL,20250331,0,EUR
FR0011461037,OAT,FRTR 3.250 25/05/45,FRF,FR,GOVT NATIONAL,20450525,1,EUR
FR0010871046,FFS,OAT 0%25/04/57 DEM,FRF,FR,GOVT NATIONAL,20570425,0,EUR
IT0005327306,BTP,BTPS 1.450 15/05/25,MTS,IT,GOVT NATIONAL,20250515,1,EUR
FR0010871053,FFS,OAT 0%25/04/58 DEM,FRF,FR,GOVT NATIONAL,20580425,0,EUR
AT0000A1ZGE4,ATS,RAGB 0.750 20/02/28,ATS,AT,GOVT NATIONAL,20280220,1,EUR
FR0010871061,FFS,OAT 0%25/04/59 DEM,FRF,FR,GOVT NATIONAL,20590425,0,EUR
FI4000306758,RFG,RFGB 1.125 15/04/34,FIN,FI,GOVT NATIONAL,20340415,1,EUR
SK4000023230,SVK,SLOVGB 3.625 08/06/33,SLK,SK,GOVT NATIONAL,20330608,1,EUR
IE00BH3SQ895,IRL,IRISH 1.100 15/05/29,IRL,IE,GOVT NATIONAL,20290515,1,EUR
FR0128227826,FTB,BTF 0 26/03/25,FRF,FR,GOVT NATIONAL,20250326,0,EUR
BE0000347568,OLO,BGB 0.900 22/06/29 #87,BEL,BE,GOVT NATIONAL,20290622,1,EUR
DE000BU27006,DEM,DBR 2.400 15/11/30,GEM,DE,GOVT NATIONAL,20301115,1,EUR
PTOTE5OE0007,PTE,PGB 4.100 15/04/37,PTE,PT,GOVT NATIONAL,20370415,1,EUR
IE00BH3SQB22,IRL,IRISH 1.500 15/05/50,IRL,IE,GOVT NATIONAL,20500515,1,EUR
DE0001030708,DEM,DBR 0 15/08/30 G,GEM,DE,GOVT NATIONAL,20300815,1,EUR
IT0005607459,BOT,BOT 31/01/25 6M,MTS,IT,GOVT NATIONAL,20250131,0,EUR
FR0128690650,FTB,BTF 0 05/03/25,FRF,FR,GOVT NATIONAL,20250305,0,EUR
SI0002103842,RSL,SLOREP 1.1875 14/03/29,RSL,SI,GOVT NATIONAL,20290314,1,EUR
IT0005607970,BTP,BTPS 3.850 01/02/35,MTS,IT,GOVT NATIONAL,20350201,1,EUR
FR0128537190,FTB,BTF 0 12/02/25,FRF,FR,GOVT NATIONAL,20250212,0,EUR
DE0001135226,DEM,DBR 4.750 04/07/34,GEM,DE,GOVT NATIONAL,20340704,1,EUR
ES00000126F3,CUP,SPGBS 0 31/10/29,ESP,ES,GOVT NATIONAL,20291031,0,EUR
ES00000126G1,CUP,SPGBS 0 31/10/30,ESP,ES,GOVT NATIONAL,20301031,0,EUR
ES0000012M36,PRL,SPGBR 0  30/07/39,ESP,ES,GOVT NATIONAL,20390730,0,EUR
ES00000126E6,PRL,SPGBR 0 31/10/44,ESP,ES,GOVT NATIONAL,20441031,0,EUR
DE0001102465,DEM,DBR 0.250 15/02/29,GEM,DE,GOVT NATIONAL,20290215,1,EUR
CZ0001007033,CGB,CZGB 4.500 11/11/32,CZE,CZ,GOVT NATIONAL,20321111,1,CZK
AT0000A1VGK0,ATS,RAGB 0.500 20/04/27,ATS,AT,GOVT NATIONAL,20270420,1,EUR
IT0005607269,BTP,BTPS 3.100 28/08/26,MTS,IT,GOVT NATIONAL,20260828,1,EUR
FI4000586284,RFG,RFGB 3.200 15/04/45,FIN,FI,GOVT NATIONAL,20450415,1,EUR
DE0001141810,DEM,OBL 0 11/04/25 #181,GEM,DE,GOVT NATIONAL,20250411,1,EUR
DE000BU2Z031,DEM,DBR 2.600 15/08/34,GEM,DE,GOVT NATIONAL,20340815,1,EUR
FR0014002JM6,OAT,FRTR 0.500 25/06/44,FRF,FR,GOVT NATIONAL,20440625,1,EUR
CZ0001007355,CGB,CZGB 3.600 03/06/36,CZE,CZ,GOVT NATIONAL,20360603,1,CZK
FI4000440557,RFG,RFGB 0.250 15/09/40,FIN,FI,GOVT NATIONAL,20400915,1,EUR
ES00000126L1,CUP,SPGBS 0 31/10/35,ESP,ES,GOVT NATIONAL,20351031,0,EUR
ES00000126M9,CUP,SPGBS 0 31/10/36,ESP,ES,GOVT NATIONAL,20361031,0,EUR
ES00000126J5,CUP,SPGBS 0 31/10/33,ESP,ES,GOVT NATIONAL,20331031,0,EUR
ES00000126K3,CUP,SPGBS 0 31/10/34,ESP,ES,GOVT NATIONAL,20341031,0,EUR
AT0000A1FAP5,ATS,RAGB 1.200 20/10/25,ATS,AT,GOVT NATIONAL,20251020,1,EUR
ES00000126H9,CUP,SPGBS 0 31/10/31,ESP,ES,GOVT NATIONAL,20311031,0,EUR
DE0001102549,DEM,DBR 0 15/05/36,GEM,DE,GOVT NATIONAL,20360515,1,EUR
DE0001135275,DEM,DBR 4.000 04/01/37,GEM,DE,GOVT NATIONAL,20370104,1,EUR
ES00000126I7,CUP,SPGBS 0 31/10/32,ESP,ES,GOVT NATIONAL,20321031,0,EUR
ES00000126Q0,CUP,SPGBS 0 31/10/40,ESP,ES,GOVT NATIONAL,20401031,0,EUR
ES00000126R8,CUP,SPGBS 0 31/10/41,ESP,ES,GOVT NATIONAL,20411031,0,EUR
ES00000126O5,CUP,SPGBS 0 31/10/38,ESP,ES,GOVT NATIONAL,20381031,0,EUR
ES00000126P2,CUP,SPGBS 0 31/10/39,ESP,ES,GOVT NATIONAL,20391031,0,EUR
FR0000187635,OAT,FRTR 5.750 25/10/32,FRF,FR,GOVT NATIONAL,20321025,1,EUR
ES00000126N7,CUP,SPGBS 0 31/10/37,ESP,ES,GOVT NATIONAL,20371031,0,EUR
FR0013257524,OAT,FRTR 2.000 25/05/48,FRF,FR,GOVT NATIONAL,20480525,1,EUR
SK4000024865,SVK,SLOVGB 3.750 06/03/34,SLK,SK,GOVT NATIONAL,20340306,1,EUR
IT0005410912,ITA,BTPSi ITA 1.400 26/05/25,MTS,IT,GOVT NATIONAL,20250526,3,EUR
NL0015614579,DSL,NETHER 0 15/01/52,NLD,NL,GOVT NATIONAL,20520115,1,EUR
BE0312803753,BTC,BGTB 0 13/11/25,BEL,BE,GOVT NATIONAL,20251113,0,EUR
ES00000126U2,CUP,SPGBS 0 31/10/44,ESP,ES,GOVT NATIONAL,20441031,0,EUR
FR0000188799,OAI,FRTRei 3.150 25/07/32,FRF,FR,GOVT NATIONAL,20320725,3,EUR
DE000BU0E253,GTC,BUBILL 0 10/12/25,GEM,DE,GOVT NATIONAL,20251210,0,EUR
FR001400OHF4,OAT,FRTR 3.250 25/05/55,FRF,FR,GOVT NATIONAL,20550525,1,EUR
ES00000126S6,CUP,SPGBS 0 31/10/42,ESP,ES,GOVT NATIONAL,20421031,0,EUR
FR001400WYO4,OAT,FRTR 3.600 25/05/42,FRF,FR,GOVT NATIONAL,20420525,1,EUR
ES00000126T4,CUP,SPGBS 0 31/10/43,ESP,ES,GOVT NATIONAL,20431031,0,EUR
FR0000186413,OAI,FRTRi 3.400 25/07/29,FRF,FR,GOVT NATIONAL,20290725,3,EUR
CZ0001004469,CGB,CZGB 1.000 26/06/26,CZE,CZ,GOVT NATIONAL,20260626,1,CZK
BE0000331406,OLO,BGB 3.750 22/06/45 #71,BEL,BE,GOVT NATIONAL,20450622,1,EUR
IE00BV8C9418,IRL,IRISH 1.000 15/05/26,IRL,IE,GOVT NATIONAL,20260515,1,EUR
IT0005497000,ITA,BTPSi ITA 1.600 28/06/30,MTS,IT,GOVT NATIONAL,20300628,3,EUR
IT0005387052,BTi,BTPSi 0.400 15/05/30,MTS,IT,GOVT NATIONAL,20300515,3,EUR
FR001400AQH0,OAI,FRTRei 0.100 25/07/38,FRF,FR,GOVT NATIONAL,20380725,3,EUR
SI0002103990,RSL,SLOREP 0.875 15/07/30,RSL,SI,GOVT NATIONAL,20300715,1,EUR
HU0000359674,MFB,MAGYAR 1.700 24/06/25,HUN,LV,BANK,20250624,1,HUF
DE000BU22064,DEM,BKO 2.700 17/09/26,GEM,DE,GOVT NATIONAL,20260917,1,EUR
IT0005584302,BTP,BTPS 3.200 28/01/26,MTS,IT,GOVT NATIONAL,20260128,1,EUR
ES0000012734,CUP,SPGBS 0 30/07/28,ESP,ES,GOVT NATIONAL,20280730,0,EUR
CZ0001005243,CGB,CZGB 2.000 13/10/33,CZE,CZ,GOVT NATIONAL,20331013,1,CZK
ES0000012759,CUP,SPGBS 0 30/07/30,ESP,ES,GOVT NATIONAL,20300730,0,EUR
ES0000012742,CUP,SPGBS 0 30/07/29,ESP,ES,GOVT NATIONAL,20290730,0,EUR
DE000BU2Z007,DEM,DBR 2.300 15/02/33,GEM,DE,GOVT NATIONAL,20330215,1,EUR
ES00000128K9,PRL,SPGBR 0 31/10/26,ESP,ES,GOVT NATIONAL,20261031,0,EUR
IT0005530032,BTP,BTPS 4.450 01/09/43,MTS,IT,GOVT NATIONAL,20430901,1,EUR
ES00000128L7,PRL,SPGBR 0 31/10/46,ESP,ES,GOVT NATIONAL,20461031,0,EUR
SK4000017059,SVK,SLOVGB 1.000 09/10/30,SLK,SK,GOVT NATIONAL,20301009,1,EUR
BE0000357666,OLO,BGB 3.000 22/06/33 #97,BEL,BE,GOVT NATIONAL,20330622,1,EUR
IE00BKFVC568,IRL,IRISH 0.200 15/05/27,IRL,IE,GOVT NATIONAL,20270515,1,EUR
ES00000120N0,OBE,SPGB 4.900 30/07/40,ESP,ES,GOVT NATIONAL,20400730,1,EUR
ES0000012G42,OBE,SPGB 1.200 31/10/40,ESP,ES,GOVT NATIONAL,20401031,1,EUR
EU000A3K4DM9,NXG,EU 2.625 04/02/48 G,EUM,EU,Supranational,20480204,1,EUR
IE00BKFVC899,IRL,IRISH 0.200 18/10/30,IRL,IE,GOVT NATIONAL,20301018,1,EUR
CZ0001004253,CGB,CZGB 2.400 17/09/25,CZE,CZ,GOVT NATIONAL,20250917,1,CZK
ES0000012775,CUP,SPGBS 0 30/07/32,ESP,ES,GOVT NATIONAL,20320730,0,EUR
IE00BJ38CR43,IRL,IRISH 2.400 15/05/30,IRL,IE,GOVT NATIONAL,20300515,1,EUR
ES0000012767,CUP,SPGBS 0 30/07/31,ESP,ES,GOVT NATIONAL,20310730,0,EUR
BE0312799712,BTC,BGTB 0 13/03/25,BEL,BE,GOVT NATIONAL,20250313,0,EUR
SK4120008954,SVK,SLOVGB 3.875 08/02/33,SLK,SK,GOVT NATIONAL,20330208,1,EUR
ES0000012I08,OBE,SPGB 0 31/01/28,ESP,ES,GOVT NATIONAL,20280131,1,EUR
IT0005480980,BTP,BTPS 2.150 01/09/52,MTS,IT,GOVT NATIONAL,20520901,1,EUR
DE000BU25034,DEM,OBL 2.500 11/10/29 #190,GEM,DE,GOVT NATIONAL,20291011,1,EUR
DE0001102481,DEM,DBR 0 15/08/50,GEM,DE,GOVT NATIONAL,20500815,1,EUR
FR0014009O62,OAT,FRTR 1.250 25/05/38,FRF,FR,GOVT NATIONAL,20380525,1,EUR
FR001400HI98,OAT,FRTR 2.750 25/02/29,FRF,FR,GOVT NATIONAL,20290225,1,EUR
ES0000012G00,OBE,SPGB 1.000 31/10/50,ESP,ES,GOVT NATIONAL,20501031,1,EUR
ES0000012B88,OBE,SPGB 1.400 30/07/28,ESP,ES,GOVT NATIONAL,20280730,1,EUR
NL0015000LS8,DSL,NETHER 0 15/01/29,NLD,NL,GOVT NATIONAL,20290115,1,EUR
SI0002104253,RSL,SLOREP 1.175 13/02/62,RSL,SI,GOVT NATIONAL,20620213,1,EUR
SI0002104246,RSL,SLOREP 0 13/02/26,RSL,SI,GOVT NATIONAL,20260213,1,EUR
ES00000128N3,CUP,SPGBS 0 31/10/46,ESP,ES,GOVT NATIONAL,20461031,0,EUR
ES00000128M5,CUP,SPGBS 0 31/10/45,ESP,ES,GOVT NATIONAL,20451031,0,EUR
IT0005403396,BTP,BTPS 0.950 01/08/30,MTS,IT,GOVT NATIONAL,20300801,1,EUR
IL0012080169,ILT,ILTBIL 0 30/05/25,ISR,IL,GOVT NATIONAL,20250530,0,ILS
ES0000012700,CUP,SPGBS 0 30/07/25,ESP,ES,GOVT NATIONAL,20250730,0,EUR
HU0000404611,HGB,HGB 1.500 22/04/26,HUN,HU,GOVT NATIONAL,20260422,1,HUF
ES0000012B05,PRL,SPGBR 0 30/07/33,ESP,ES,GOVT NATIONAL,20330730,0,EUR
ES0000012726,CUP,SPGBS 0 30/07/27,ESP,ES,GOVT NATIONAL,20270730,0,EUR
ES0000012718,CUP,SPGBS 0 30/07/26,ESP,ES,GOVT NATIONAL,20260730,0,EUR
IT0005332835,ITA,BTPSi ITA 0.550 21/05/26,MTS,IT,GOVT NATIONAL,20260521,3,EUR
ES0000012965,CUP,SPGBS 0 31/01/32,ESP,ES,GOVT NATIONAL,20320131,0,EUR
ES0000012957,CUP,SPGBS 0 31/01/31,ESP,ES,GOVT NATIONAL,20310131,0,EUR
ES0000012981,CUP,SPGBS 0 31/01/34,ESP,ES,GOVT NATIONAL,20340131,0,EUR
ES0000012973,CUP,SPGBS 0 31/01/33,ESP,ES,GOVT NATIONAL,20330131,0,EUR
IL0011508798,SHA,ILGOV 2.250 28/09/28,ISR,IL,GOVT NATIONAL,20280928,1,ILS
AT0000A39UW5,ATS,RAGB 2.900 20/02/34,ATS,AT,GOVT NATIONAL,20340220,1,EUR
BE0000346552,OLO,BGB 1.250 22/04/33 #86,BEL,BE,GOVT NATIONAL,20330422,1,EUR
ES0000012940,CUP,SPGBS 0 31/01/30,ESP,ES,GOVT NATIONAL,20300131,0,EUR
DE0001102580,DEM,DBR 0 15/02/32,GEM,DE,GOVT NATIONAL,20320215,1,EUR
BE0000343526,OLO,BGB 2.250 22/06/57 #83,BEL,BE,GOVT NATIONAL,20570622,1,EUR
BE0008544083,BFS,BE-strips 22/06/57,BEL,BE,GOVT NATIONAL,20570622,0,EUR
IL0011665523,GLN,ILFRN 4.320 29/11/30,ISR,IL,GOVT NATIONAL,20301129,2,ILS
IT0005217390,BTP,BTPS 2.800 01/03/67,MTS,IT,GOVT NATIONAL,20670301,1,EUR
FR0014007L00,OAT,FRTR 0 25/05/32,FRF,FR,GOVT NATIONAL,20320525,1,EUR
ES00000128E2,OBE,SPGB 3.450 30/07/66,ESP,ES,GOVT NATIONAL,20660730,1,EUR
SK4000017380,SVK,SLOVGB 0.125 17/06/27,SLK,SK,GOVT NATIONAL,20270617,1,EUR
FI4000571104,RFG,RFGB 3.000 15/09/34,FIN,FI,GOVT NATIONAL,20340915,1,EUR
EU000A3K4EW6,NXG,EU 2.875 06/12/27,EUM,EU,Supranational,20271206,1,EUR
DE000BU35025,DEM,OBL 2.100 12/04/29 #G,GEM,DE,GOVT NATIONAL,20290412,1,EUR
ES0000012999,CUP,SPGBS 0 31/01/35,ESP,ES,GOVT NATIONAL,20350131,0,EUR
DE0001135143,DEM,DBR 6.250 04/01/30,GEM,DE,GOVT NATIONAL,20300104,1,EUR
IT0005594467,CCT,CCTeu 2.080 15/04/32,MTS,IT,GOVT NATIONAL,20320415,2,EUR
CZ0001004105,CGF,CZGB FLOAT 3.690 19/11/27,CZE,CZ,GOVT NATIONAL,20271119,2,CZK
DE0001135176,DEM,DBR 5.500 04/01/31,GEM,DE,GOVT NATIONAL,20310104,1,EUR
AT0000A2HLC4,ATS,RAGB 0.850 30/06/2120,ATS,AT,GOVT NATIONAL,21200630,1,EUR
IT0005024234,BTP,BTPS 3.500 01/03/30,MTS,IT,GOVT NATIONAL,20300301,1,EUR
EU000A3K4ES4,NXG,EU 3.000 04/12/34,EUM,EU,Supranational,20341204,1,EUR
NL0015000QL2,DSL,NETHER 0 15/01/26,NLD,NL,GOVT NATIONAL,20260115,1,EUR
ES0000012L37,PRL,SPGBR 0  31/10/32,ESP,ES,GOVT NATIONAL,20321031,0,EUR
ES0000012932,OBE,SPGB 4.200 31/01/37,ESP,ES,GOVT NATIONAL,20370131,1,EUR
DE0001135085,DEM,DBR 4.750 04/07/28,GEM,DE,GOVT NATIONAL,20280704,1,EUR
DE0001135044,DEM,DBR 6.500 04/07/27,GEM,DE,GOVT NATIONAL,20270704,1,EUR
DE0001135069,DEM,DBR 5.625 04/01/28,GEM,DE,GOVT NATIONAL,20280104,1,EUR
ES0000012K95,OBE,SPGB 3.450 30/07/43,ESP,ES,GOVT NATIONAL,20430730,1,EUR
NL0010071189,DSL,NETHER 2.500 15/01/33,NLD,NL,GOVT NATIONAL,20330115,1,EUR
FR0013341682,OAT,FRTR 0.750 25/11/28,FRF,FR,GOVT NATIONAL,20281125,1,EUR
FR0010809830,FFS,OAT 0%25/04/42 DEM,FRF,FR,GOVT NATIONAL,20420425,0,EUR
FR0010809863,FFS,OAT 0%25/04/43 DEM,FRF,FR,GOVT NATIONAL,20430425,0,EUR
FR0010809905,FFS,OAT 0%25/04/44 DEM,FRF,FR,GOVT NATIONAL,20440425,0,EUR
FR0010809491,FFS,OAT 0%25/04/45 DEM,FRF,FR,GOVT NATIONAL,20450425,0,EUR
FR0010809517,FFS,OAT 0%25/04/46 DEM,FRF,FR,GOVT NATIONAL,20460425,0,EUR
FR0010809533,FFS,OAT 0%25/04/47 DEM,FRF,FR,GOVT NATIONAL,20470425,0,EUR
EU000A3L1DJ0,NXG,EU 2.500 04/12/31,EUM,EU,Supranational,20311204,1,EUR
FR0010809558,FFS,OAT 0%25/04/48 DEM,FRF,FR,GOVT NATIONAL,20480425,0,EUR
FI4000006176,RFG,RFGB 4.000 04/07/25,FIN,FI,GOVT NATIONAL,20250704,1,EUR
FR0010809574,FFS,OAT 0%25/04/49 DEM,FRF,FR,GOVT NATIONAL,20490425,0,EUR
ES0000012K61,OBE,SPGB 2.550 31/10/32,ESP,ES,GOVT NATIONAL,20321031,1,EUR
FR0010809608,FFS,OAT 0%25/04/50 DEM,FRF,FR,GOVT NATIONAL,20500425,0,EUR
FR0010809624,FFS,OAT 0%25/04/51 DEM,FRF,FR,GOVT NATIONAL,20510425,0,EUR
CZ0001006043,CZE,CZECH 0.000 27/07/27,CZE,CZ,GOVT NATIONAL,20270727,1,EUR
BE0000363722,OLO,BGB 3.100 22/06/35 #103,BEL,BE,GOVT NATIONAL,20350622,1,EUR
DE000BU2Z049,DEM,DBR 2.500 15/02/35,GEM,DE,GOVT NATIONAL,20350215,1,EUR
SI0002104873,RSL,SLOREP 3.500 14/04/55,RSL,SI,GOVT NATIONAL,20550414,1,EUR
IT0005436693,BTP,BTPS 0.600 01/08/31,MTS,IT,GOVT NATIONAL,20310801,1,EUR
BE0008072218,BFS,BE-strips 28/03/36,BEL,BE,GOVT NATIONAL,20360328,0,EUR
BE0008069180,BFS,BE-strips 28/03/34,BEL,BE,GOVT NATIONAL,20340328,0,EUR
AT0000A308C5,ATS,RAGB 2.000 15/07/26,ATS,AT,GOVT NATIONAL,20260715,1,EUR
BE0008073224,BFS,BE-strips 28/03/37,BEL,BE,GOVT NATIONAL,20370328,0,EUR
IT0005547812,BTi,BTPSi 2.400 15/05/39,MTS,IT,GOVT NATIONAL,20390515,3,EUR
DE000BU22023,DEM,BKO 3.100 18/09/25,GEM,DE,GOVT NATIONAL,20250918,1,EUR
FR0010809632,FFS,OAT 0%25/04/52 DEM,FRF,FR,GOVT NATIONAL,20520425,0,EUR
FR0010809640,FFS,OAT 0%25/04/53 DEM,FRF,FR,GOVT NATIONAL,20530425,0,EUR
FR0010809657,FFS,OAT 0%25/04/54 DEM,FRF,FR,GOVT NATIONAL,20540425,0,EUR
FR0010809665,FFS,OAT 0%25/04/55 DEM,FRF,FR,GOVT NATIONAL,20550425,0,EUR
BE0008062110,BFS,BE-strips 28/03/27,BEL,BE,GOVT NATIONAL,20270328,0,EUR
IT0005436701,BTi,BTPSi 0.150 15/05/51,MTS,IT,GOVT NATIONAL,20510515,3,EUR
BE0008059082,BFS,BE-strips 28/03/25,BEL,BE,GOVT NATIONAL,20250328,0,EUR
FR001400JI88,OAI,FRTRei 0.600 25/07/34,FRF,FR,GOVT NATIONAL,20340725,3,EUR
BE0008065147,BFS,BE-strips 28/03/30,BEL,BE,GOVT NATIONAL,20300328,0,EUR
IT0005588881,BTi,BTPSi 1.800 15/05/36,MTS,IT,GOVT NATIONAL,20360515,3,EUR
BE0008064132,BFS,BE-strips 28/03/29,BEL,BE,GOVT NATIONAL,20290328,0,EUR
BE0008068174,BFS,BE-strips 28/03/33,BEL,BE,GOVT NATIONAL,20330328,0,EUR
BE0008066152,BFS,BE-strips 28/03/31,BEL,BE,GOVT NATIONAL,20310328,0,EUR
DE000BU0E196,GTC,BUBILL 0 16/07/25,GEM,DE,GOVT NATIONAL,20250716,0,EUR
IT0005620460,CCT,CCTeu 2.105 15/04/33,MTS,IT,GOVT NATIONAL,20330415,2,EUR
SK4000017166,SVK,SLOVGB 1.000 14/05/32,SLK,SK,GOVT NATIONAL,20320514,1,EUR
IT0005611659,BOT,BOT 12/09/25 12M,MTS,IT,GOVT NATIONAL,20250912,0,EUR
EU000A3L1CN4,NXG,EU 2.875 05/10/29,EUM,EU,Supranational,20291005,1,EUR
CZ0001006233,CGB,CZGB 1.750 23/06/32,CZE,CZ,GOVT NATIONAL,20320623,1,CZK
DE0001102515,DEM,DBR 0 15/05/35,GEM,DE,GOVT NATIONAL,20350515,1,EUR
IT0005611741,BTP,BTPS 4.300 01/10/54,MTS,IT,GOVT NATIONAL,20541001,1,EUR
EU000A3KT6B1,NXG,EU 0.45 04/07/41,EUM,EU,Supranational,20410704,1,EUR
SK4000017158,SVK,SLOVGB 0.250 14/05/25,SLK,SK,GOVT NATIONAL,20250514,1,EUR
SK4120012691,SVK,SLOVGB 1.875 09/03/37,SLK,SK,GOVT NATIONAL,20370309,1,EUR
CZ0001006431,CGB,CZGB 3.500 30/05/35,CZE,CZ,GOVT NATIONAL,20350530,1,CZK
FR0010171975,OAT,FRTR 4.000 25/04/55,FRF,FR,GOVT NATIONAL,20550425,1,EUR
HU0000404991,HGB,HGB 4.000 28/04/51,HUN,HU,GOVT NATIONAL,20510428,1,HUF
IT0005484552,BTP,BTPS 1.100 01/04/27,MTS,IT,GOVT NATIONAL,20270401,1,EUR
ES00000127Y2,PRL,SPGBR 0 31/10/25,ESP,ES,GOVT NATIONAL,20251031,0,EUR
ES0000012M51,BON,SPGB 3.500 31/05/29,ESP,ES,GOVT NATIONAL,20290531,1,EUR
IE00BFZRPZ02,IRL,IRISH 1.300 15/05/33,IRL,IE,GOVT NATIONAL,20330515,1,EUR
ES0000012E69,OBE,SPGB 1.850 30/07/35,ESP,ES,GOVT NATIONAL,20350730,1,EUR
IT0005538597,BTP,BTPS 3.800 15/04/26,MTS,IT,GOVT NATIONAL,20260415,1,EUR
BE0008075245,BFS,BE-strips 28/03/39,BEL,BE,GOVT NATIONAL,20390328,0,EUR
BE0008074230,BFS,BE-strips 28/03/38,BEL,BE,GOVT NATIONAL,20380328,0,EUR
BE0008076250,BFS,BE-strips 28/03/40,BEL,BE,GOVT NATIONAL,20400328,0,EUR
XS1314321941,CYP,CYPRUS 4.250 04/11/25,CYB,CY,Sovereign,20251104,1,EUR
BE0000337460,OLO,BGB 1.000 22/06/26 #77,BEL,BE,GOVT NATIONAL,20260622,1,EUR
IT0005633794,BTP,BTPS 2.550 25/02/27,MTS,IT,GOVT NATIONAL,20270225,1,EUR
ES0000012G26,OBE,SPGB 0.800 30/07/27,ESP,ES,GOVT NATIONAL,20270730,1,EUR
IT0005603342,BOT,BOT 14/07/25 12M,MTS,IT,GOVT NATIONAL,20250714,0,EUR
IT0003934657,BTP,BTPS 4.000 01/02/37,MTS,IT,GOVT NATIONAL,20370201,1,EUR
FR0128838499,FTB,BTF 0 28/01/26,FRF,FR,GOVT NATIONAL,20260128,0,EUR
IT0005421703,BTP,BTPS 1.800 01/03/41,MTS,IT,GOVT NATIONAL,20410301,1,EUR
ES0000012593,PRL,SPGBR 0 30/07/32,ESP,ES,GOVT NATIONAL,20320730,0,EUR
IT0005580045,BTP,BTPS 2.950 15/02/27,MTS,IT,GOVT NATIONAL,20270215,1,EUR
IT0005532723,ITA,BTPSi ITA 2.000 14/03/28,MTS,IT,GOVT NATIONAL,20280314,3,EUR
DE000BU0E238,GTC,BUBILL 0 19/11/25,GEM,DE,GOVT NATIONAL,20251119,0,EUR
PTOTETOE0012,PTE,PGB 2.875 21/07/26,PTE,PT,GOVT NATIONAL,20260721,1,EUR
FR0128690718,FTB,BTF 0 08/10/25,FRF,FR,GOVT NATIONAL,20251008,0,EUR
IT0005428617,CCT,CCTeu 1.802 15/04/26,MTS,IT,GOVT NATIONAL,20260415,2,EUR
IT0005273013,BTP,BTPS 3.450 01/03/48,MTS,IT,GOVT NATIONAL,20480301,1,EUR
HU0000360912,MFB,MAGYAR 3.900 22/10/28,HUN,LV,BANK,20281022,1,HUF
HU0000525050,HTB,HTB 0 19/03/25,HUN,HU,GOVT NATIONAL,20250319,0,HUF
EU000A4D5QM6,NXG,EU 2.625 04/07/28,EUM,EU,Supranational,20280704,1,EUR
FR0128690635,FTB,BTF 0 05/02/25,FRF,FR,GOVT NATIONAL,20250205,0,EUR
NL0015031501,DSL,NETHER 0 15/01/27,NLD,NL,GOVT NATIONAL,20270115,1,EUR
FR0010172205,FPO,FRTRR 0 25/04/55,FRF,FR,GOVT NATIONAL,20550425,0,EUR
ES0000012411,OBE,SPGB 5.750 30/07/32,ESP,ES,GOVT NATIONAL,20320730,1,EUR
IT0005445306,BTP,BTPS 0.500 15/07/28,MTS,IT,GOVT NATIONAL,20280715,1,EUR
ES0000012J07,OBE,SPGB 1.000 30/07/42,ESP,ES,GOVT NATIONAL,20420730,1,EUR
DE0001030724,DEM,DBR 0 15/08/50 G,GEM,DE,GOVT NATIONAL,20500815,1,EUR
DE0001030732,DEM,DBR 0 15/08/31 G,GEM,DE,GOVT NATIONAL,20310815,1,EUR
IL0011355570,SHA,ILGOV 1.750 31/08/25,ISR,IL,GOVT NATIONAL,20250831,1,ILS
HU0000403118,HGB,HGB 3.000 27/10/27,HUN,HU,GOVT NATIONAL,20271027,1,HUF
FR001400L834,OAT,FRTR 3.500 25/11/33,FRF,FR,GOVT NATIONAL,20331125,1,EUR
SK4000021986,SVK,SLOVGB 4.000 19/10/32,SLK,SK,GOVT NATIONAL,20321019,1,EUR
CZ0001007025,CGB,CZGB 5.750 29/03/29,CZE,CZ,GOVT NATIONAL,20290329,1,CZK
IT0005534984,CCT,CCTeu 1.953 15/10/28,MTS,IT,GOVT NATIONAL,20281015,2,EUR
IT0005365165,BTP,BTPS 3.000 01/08/29,MTS,IT,GOVT NATIONAL,20290801,1,EUR
FR0128537232,FTB,BTF 0 13/08/25,FRF,FR,GOVT NATIONAL,20250813,0,EUR
FR0010810069,FFS,OAT 0%25/04/25 DEM,FRF,FR,GOVT NATIONAL,20250425,0,EUR
FR0010447367,OAI,FRTRei 1.800 25/07/40,FRF,FR,GOVT NATIONAL,20400725,3,EUR
HU0000525134,HTB,HTB 0 28/05/25,HUN,HU,GOVT NATIONAL,20250528,0,HUF
FR0010810093,FFS,OAT 0%25/10/25 DEM,FRF,FR,GOVT NATIONAL,20251025,0,EUR
FR0010810127,FFS,OAT 0%25/04/26 DEM,FRF,FR,GOVT NATIONAL,20260425,0,EUR
FR0013515806,OAT,FRTR 0.500 25/05/40,FRF,FR,GOVT NATIONAL,20400525,1,EUR
DE0001135366,DEM,DBR 4.750 04/07/40,GEM,DE,GOVT NATIONAL,20400704,1,EUR
HU0000525118,HTB,HTB 0 29/10/25,HUN,HU,GOVT NATIONAL,20251029,0,HUF
IT0005438004,BTP,BTPS 1.500 30/04/45 G,MTS,IT,GOVT NATIONAL,20450430,1,EUR
IL0010977085,IIL,ILCPI 4.000 30/05/36,ISR,IL,GOVT NATIONAL,20360530,3,ILS
FR0013480613,OAT,FRTR 0.750 25/05/52,FRF,FR,GOVT NATIONAL,20520525,1,EUR
ES0000012L60,OBE,SPGB 3.900 30/07/39,ESP,ES,GOVT NATIONAL,20390730,1,EUR
FR0012993103,OAT,FRTR 1.500 25/05/31,FRF,FR,GOVT NATIONAL,20310525,1,EUR
HU0000406087,HFR,HGB FLOAT 25/08/32,HUN,HU,GOVT NATIONAL,20320825,2,HUF
FR0010810135,FFS,OAT 0%25/10/26 DEM,FRF,FR,GOVT NATIONAL,20261025,0,EUR
FR0010810168,FFS,OAT 0%25/04/27 DEM,FRF,FR,GOVT NATIONAL,20270425,0,EUR
FR0010810176,FFS,OAT 0%25/10/27 DEM,FRF,FR,GOVT NATIONAL,20271025,0,EUR
FR0010810184,FFS,OAT 0%25/04/28 DEM,FRF,FR,GOVT NATIONAL,20280425,0,EUR
FR001400NBC6,OAT,FRTR 2.500 24/09/27,FRF,FR,GOVT NATIONAL,20270924,1,EUR
FR0010810200,FFS,OAT 0%25/10/28 DEM,FRF,FR,GOVT NATIONAL,20281025,0,EUR
FR0010810218,FFS,OAT 0%25/04/29 DEM,FRF,FR,GOVT NATIONAL,20290425,0,EUR
FR0010070102,FCO,FRTRS 0 25/04/31,FRF,FR,GOVT NATIONAL,20310425,0,EUR
FR0010809418,FFS,OAT 0%25/10/29 DEM,FRF,FR,GOVT NATIONAL,20291025,0,EUR
ES00000128S2,SIL,SPGBei 0.650 30/11/27,ESP,ES,GOVT NATIONAL,20271130,3,EUR
FR0013516549,OAT,FRTR 0 25/11/30,FRF,FR,GOVT NATIONAL,20301125,1,EUR
FR0010809277,FFS,OAT 0%25/04/30 DEM,FRF,FR,GOVT NATIONAL,20300425,0,EUR
ES0000012F76,OBE,SPGB 0.500 30/04/30,ESP,ES,GOVT NATIONAL,20300430,1,EUR
IL0011683013,IIL,ILCPI 0.500 30/11/51,ISR,IL,GOVT NATIONAL,20511130,3,ILS
XS2105095777,CYP,CYPRUS 0.625 21/01/30,CYB,CY,Sovereign,20300121,1,EUR
ES0000012O67,OBE,SPGB 3.150 30/04/35,ESP,ES,GOVT NATIONAL,20350430,1,EUR
XS2105097393,CYP,CYPRUS 1.250 21/01/40,CYB,CY,Sovereign,20400121,1,EUR
PTPBTDGE0061,PTC,PORTB 0 16/01/26,PTE,PT,GOVT NATIONAL,20260116,0,EUR
BE0312802748,BTC,BGTB 0 11/09/25,BEL,BE,GOVT NATIONAL,20250911,0,EUR
FR0128537240,FTB,BTF 0 10/09/25,FRF,FR,GOVT NATIONAL,20250910,0,EUR
IT0005610297,BOT,BOT 14/08/25 12M,MTS,IT,GOVT NATIONAL,20250814,0,EUR
IL0012153263,ILT,ILTBIL 0 30/11/25,ISR,IL,GOVT NATIONAL,20251130,0,ILS
DE0001141869,DEM,OBL 1.300 15/10/27 #186,GEM,DE,GOVT NATIONAL,20271015,1,EUR
NL0010721999,DSL,NETHER 2.750 15/01/47,NLD,NL,GOVT NATIONAL,20470115,1,EUR
IL0011359127,IIL,ILCPI 0.750 31/10/25,ISR,IL,GOVT NATIONAL,20251031,3,ILS
DE0001030757,DEM,DBR 1.800 15/08/53 G,GEM,DE,GOVT NATIONAL,20530815,1,EUR
FR0010809434,FFS,OAT 0%25/10/30 DEM,FRF,FR,GOVT NATIONAL,20301025,0,EUR
FR0010809400,FFS,OAT 0%25/04/31 DEM,FRF,FR,GOVT NATIONAL,20310425,0,EUR
DE0001102473,DEM,DBR 0 15/08/29,GEM,DE,GOVT NATIONAL,20290815,1,EUR
IT0005521981,BTP,BTPS 3.400 01/04/28,MTS,IT,GOVT NATIONAL,20280401,1,EUR
FR0010809442,FFS,OAT 0%25/10/31 DEM,FRF,FR,GOVT NATIONAL,20311025,0,EUR
CZ0001006969,CGB,CZGB 6.200 16/06/31,CZE,CZ,GOVT NATIONAL,20310616,1,CZK
FR0010809426,FFS,OAT 0%25/04/32 DEM,FRF,FR,GOVT NATIONAL,20320425,0,EUR
DE0001102390,DEM,DBR 0.500 15/02/26,GEM,DE,GOVT NATIONAL,20260215,1,EUR
FR0010809996,FFS,OAT 0%25/10/32 DEM,FRF,FR,GOVT NATIONAL,20321025,0,EUR
IT0005331878,CCT,CCTeu 1.918 15/09/25,MTS,IT,GOVT NATIONAL,20250915,2,EUR
FR0010809459,FFS,OAT 0%25/04/33 DEM,FRF,FR,GOVT NATIONAL,20330425,0,EUR
AT0000A3D3Q8,ATS,RAGB 3.200 15/07/39,ATS,AT,GOVT NATIONAL,20390715,1,EUR
FR0010809939,FFS,OAT 0%25/10/33 DEM,FRF,FR,GOVT NATIONAL,20331025,0,EUR
FR0010809475,FFS,OAT 0%25/04/34 DEM,FRF,FR,GOVT NATIONAL,20340425,0,EUR
PTOTE3OE0025,PTE,PGB 3.625 12/06/54,PTE,PT,GOVT NATIONAL,20540612,1,EUR
FR0010809962,FFS,OAT 0%25/10/34 DEM,FRF,FR,GOVT NATIONAL,20341025,0,EUR
FR0010809483,FFS,OAT 0%25/04/35 DEM,FRF,FR,GOVT NATIONAL,20350425,0,EUR
IE00B4TV0D44,IRL,IRISH 5.400 13/03/25,IRL,IE,GOVT NATIONAL,20250313,1,EUR
FR001400QCA1,OAI,FRTRei 0.950 25/07/43,FRF,FR,GOVT NATIONAL,20430725,3,EUR
FR0010070144,FCO,FRTRS 0 25/04/35,FRF,FR,GOVT NATIONAL,20350425,0,EUR
BE0312801732,BTC,BGTB 0 10/07/25,BEL,BE,GOVT NATIONAL,20250710,0,EUR
FR0010070078,FPO,FRTRR 0 25/04/35,FRF,FR,GOVT NATIONAL,20350425,0,EUR
DE0001102572,DEM,DBR 0 15/08/52,GEM,DE,GOVT NATIONAL,20520815,1,EUR
HU0000404165,HGB,HGB 3.000 25/04/41,HUN,HU,GOVT NATIONAL,20410425,1,HUF
FR0010070060,OAT,FRTR 4.750 25/04/35,FRF,FR,GOVT NATIONAL,20350425,1,EUR
EU000A3K4DV0,NXG,EU 3.375 04/11/42,EUM,EU,Supranational,20421104,1,EUR
PTOTEXOE0024,PTE,PGB 1.950 15/06/29,PTE,PT,GOVT NATIONAL,20290615,1,EUR
DE0001102614,DEM,DBR 1.800 15/08/53,GEM,DE,GOVT NATIONAL,20530815,1,EUR
NL0015001DQ7,DSL,NETHER 2.500 15/01/30,NLD,NL,GOVT NATIONAL,20300115,1,EUR
FR0010810010,FFS,OAT 0%25/10/35 DEM,FRF,FR,GOVT NATIONAL,20351025,0,EUR
FR0010809673,FFS,OAT 0%25/04/36 DEM,FRF,FR,GOVT NATIONAL,20360425,0,EUR
FR0010810044,FFS,OAT 0%25/10/36 DEM,FRF,FR,GOVT NATIONAL,20361025,0,EUR
FR0010809707,FFS,OAT 0%25/04/37 DEM,FRF,FR,GOVT NATIONAL,20370425,0,EUR
ES0000012K79,PRL,SPGBR 0 30/04/32,ESP,ES,GOVT NATIONAL,20320430,0,EUR
FR0010810077,FFS,OAT 0%25/10/37 DEM,FRF,FR,GOVT NATIONAL,20371025,0,EUR
FR0010809715,FFS,OAT 0%25/04/38 DEM,FRF,FR,GOVT NATIONAL,20380425,0,EUR
FR0010810101,FFS,OAT 0%25/10/38 DEM,FRF,FR,GOVT NATIONAL,20381025,0,EUR
FR0013415627,OAT,FRTR 0 25/03/25,FRF,FR,GOVT NATIONAL,20250325,1,EUR
IT0005500068,BTP,BTPS 2.650 01/12/27,MTS,IT,GOVT NATIONAL,20271201,1,EUR
ES00000127Z9,OBE,SPGB 1.950 30/04/26,ESP,ES,GOVT NATIONAL,20260430,1,EUR
FR0010809749,FFS,OAT 0%25/04/39 DEM,FRF,FR,GOVT NATIONAL,20390425,0,EUR
BE0000349580,OLO,BGB 0.100 22/06/30 #89,BEL,BE,GOVT NATIONAL,20300622,1,EUR
FR0010809780,FFS,OAT 0%25/04/40 DEM,FRF,FR,GOVT NATIONAL,20400425,0,EUR
BE0000351602,OLO,BGB 0 22/10/27 #91,BEL,BE,GOVT NATIONAL,20271022,1,EUR
IT0005595803,BTP,BTPS 3.450 15/07/31,MTS,IT,GOVT NATIONAL,20310715,1,EUR
FR0010809806,FFS,OAT 0%25/04/41 DEM,FRF,FR,GOVT NATIONAL,20410425,0,EUR
IT0005398406,BTP,BTPS 2.450 01/09/50,MTS,IT,GOVT NATIONAL,20500901,1,EUR
DE000BU0E170,GTC,BUBILL 0 14/05/25,GEM,DE,GOVT NATIONAL,20250514,0,EUR
NL0000102317,DSL,NETHER 5.500 15/01/28,NLD,NL,GOVT NATIONAL,20280115,1,EUR
FR0128690643,FTB,BTF 0 19/02/25,FRF,FR,GOVT NATIONAL,20250219,0,EUR
FR0128379494,FTB,BTF 0 21/05/25,FRF,FR,GOVT NATIONAL,20250521,0,EUR
IT0005621401,BOT,BOT 14/11/25 12M,MTS,IT,GOVT NATIONAL,20251114,0,EUR
FR0000578585,FCO,FRTRS 0 25/10/30,FRF,FR,GOVT NATIONAL,20301025,0,EUR
FR0000578577,FCO,FRTRS 0 25/10/29,FRF,FR,GOVT NATIONAL,20291025,0,EUR
FR0000578601,FCO,FRTRS 0 25/10/32,FRF,FR,GOVT NATIONAL,20321025,0,EUR
FR0000578593,FCO,FRTRS 0 25/10/31,FRF,FR,GOVT NATIONAL,20311025,0,EUR
IT0005619546,BTP,BTPS 3.150 15/11/31,MTS,IT,GOVT NATIONAL,20311115,1,EUR
IT0005622128,BTP,BTPS 2.700 15/10/27,MTS,IT,GOVT NATIONAL,20271015,1,EUR
FR0000578569,FCO,FRTRS 0 25/10/28,FRF,FR,GOVT NATIONAL,20281025,0,EUR
AT0000A2EJ08,ATS,RAGB 0.750 20/03/51,ATS,AT,GOVT NATIONAL,20510320,1,EUR
IT0005514473,BTP,BTPS 3.500 15/01/26,MTS,IT,GOVT NATIONAL,20260115,1,EUR
FR0000578551,FCO,FRTRS 0 25/10/27,FRF,FR,GOVT NATIONAL,20271025,0,EUR
DE0001102382,DEM,DBR 1.000 15/08/25,GEM,DE,GOVT NATIONAL,20250815,1,EUR
CZ0001007256,CGB,CZGB 3.000 03/03/33,CZE,CZ,GOVT NATIONAL,20330303,1,CZK
IL0011205833,IIL,ILCPI 2.750 30/08/41,ISR,IL,GOVT NATIONAL,20410830,3,ILS
ES0000012M69,SIL,SPGBei 2.050 30/11/39,ESP,ES,GOVT NATIONAL,20391130,3,EUR
IE00BFZRQ242,IRL,IRISH 1.350 18/03/31,IRL,IE,GOVT NATIONAL,20310318,1,EUR
FR0012517027,OAT,FRTR 0.500 25/05/25,FRF,FR,GOVT NATIONAL,20250525,1,EUR
ES0000012I16,PRL,SPGBR 0 31/01/25,ESP,ES,GOVT NATIONAL,20250131,0,EUR
FR0014001NN8,OAT,FRTR 0.500 25/05/72,FRF,FR,GOVT NATIONAL,20720525,1,EUR
IL0011746976,SHA,ILGOV 0.500 27/02/26,ISR,IL,GOVT NATIONAL,20260227,1,ILS
DE000BU22049,DEM,BKO 2.500 19/03/26,GEM,DE,GOVT NATIONAL,20260319,1,EUR
AT0000A3FS39,ATB,ATB 0 27/02/25,ATS,AT,GOVT NATIONAL,20250227,0,EUR
NL00150006U0,DSL,NETHER 0 15/07/31,NLD,NL,GOVT NATIONAL,20310715,1,EUR
AT0000A2KQ43,ATS,RAGB 0 20/10/40,ATS,AT,GOVT NATIONAL,20401020,1,EUR
ES0000012A14,CUP,SPGBS 0  30/07/60,ESP,ES,GOVT NATIONAL,20600730,0,EUR
ES0000012A22,CUP,SPGBS 0  30/07/61,ESP,ES,GOVT NATIONAL,20610730,0,EUR
FR001400AIN5,OAT,FRTR 0.750 25/02/28,FRF,FR,GOVT NATIONAL,20280225,1,EUR
IT0005441883,BTP,BTPS 2.150 01/03/72,MTS,IT,GOVT NATIONAL,20720301,1,EUR
EU000A3KTGW6,NXG,EU 0.7 06/07/51,EUM,EU,Supranational,20510706,1,EUR
PTOTEOOE0033,PTE,PGB 0.300 17/10/31,PTE,PT,GOVT NATIONAL,20311017,1,EUR
EU000A3K4C42,NXG,EU 0.4 04/02/37 G,EUM,EU,Supranational,20370204,1,EUR
EU000A3KTGV8,NXG,EU 0.0 06/07/26,EUM,EU,Supranational,20260706,1,EUR
ES00000129T8,CUP,SPGBS 0  30/07/52,ESP,ES,GOVT NATIONAL,20520730,0,EUR
AT0000A269M8,ATS,RAGB 0.500 20/02/29,ATS,AT,GOVT NATIONAL,20290220,1,EUR
ES00000129U6,CUP,SPGBS 0  30/07/53,ESP,ES,GOVT NATIONAL,20530730,0,EUR
ES00000129V4,CUP,SPGBS 0  30/07/54,ESP,ES,GOVT NATIONAL,20540730,0,EUR
ES00000129W2,CUP,SPGBS 0  30/07/55,ESP,ES,GOVT NATIONAL,20550730,0,EUR
ES00000129X0,CUP,SPGBS 0  30/07/56,ESP,ES,GOVT NATIONAL,20560730,0,EUR
ES00000129Y8,CUP,SPGBS 0  30/07/57,ESP,ES,GOVT NATIONAL,20570730,0,EUR
ES00000129Z5,CUP,SPGBS 0  30/07/58,ESP,ES,GOVT NATIONAL,20580730,0,EUR
ES0000012A06,CUP,SPGBS 0  30/07/59,ESP,ES,GOVT NATIONAL,20590730,0,EUR
BE0000348574,OLO,BGB 1.700 22/06/50 #88,BEL,BE,GOVT NATIONAL,20500622,1,EUR
BE0008542061,BFS,BE-strips 22/06/55,BEL,BE,GOVT NATIONAL,20550622,0,EUR
HU0000403696,HGB,HGB 3.000 21/08/30,HUN,HU,GOVT NATIONAL,20300821,1,HUF
IE00BV8C9186,IRL,IRISH 2.000 18/02/45,IRL,IE,GOVT NATIONAL,20450218,1,EUR
PTOTEUOE0019,PTE,PGB 4.125 14/04/27,PTE,PT,GOVT NATIONAL,20270414,1,EUR
IT0005170839,BTP,BTPS 1.600 01/06/26,MTS,IT,GOVT NATIONAL,20260601,1,EUR
DE0001102598,DEM,DBR 1.000 15/05/38,GEM,DE,GOVT NATIONAL,20380515,1,EUR
ES00000129Q4,CUP,SPGBS 0  30/07/49,ESP,ES,GOVT NATIONAL,20490730,0,EUR
ES0000012K46,OBE,SPGB 1.900 31/10/52,ESP,ES,GOVT NATIONAL,20521031,1,EUR
ES00000129R2,CUP,SPGBS 0  30/07/50,ESP,ES,GOVT NATIONAL,20500730,0,EUR
ES00000129S0,CUP,SPGBS 0  30/07/51,ESP,ES,GOVT NATIONAL,20510730,0,EUR
IT0005454241,BTP,BTPS 0 01/08/26,MTS,IT,GOVT NATIONAL,20260801,1,EUR
IT0005624447,BOT,BOT 30/05/25 6M,MTS,IT,GOVT NATIONAL,20250530,0,EUR
ES00000129J9,CUP,SPGBS 0  30/07/42,ESP,ES,GOVT NATIONAL,20420730,0,EUR
ES00000129K7,CUP,SPGBS 0  30/07/43,ESP,ES,GOVT NATIONAL,20430730,0,EUR
ES00000129L5,CUP,SPGBS 0  30/07/44,ESP,ES,GOVT NATIONAL,20440730,0,EUR
ES0000012B39,OBE,SPGB 1.400 30/04/28,ESP,ES,GOVT NATIONAL,20280430,1,EUR
ES00000129M3,CUP,SPGBS 0  30/07/45,ESP,ES,GOVT NATIONAL,20450730,0,EUR
ES00000129N1,CUP,SPGBS 0  30/07/46,ESP,ES,GOVT NATIONAL,20460730,0,EUR
ES00000129O9,CUP,SPGBS 0  30/07/47,ESP,ES,GOVT NATIONAL,20470730,0,EUR
ES00000129P6,CUP,SPGBS 0  30/07/48,ESP,ES,GOVT NATIONAL,20480730,0,EUR
FI4000557525,RFG,RFGB 2.875 15/04/29,FIN,FI,GOVT NATIONAL,20290415,1,EUR
SK4120015173,SVK,SLOVGB 0.750 09/04/30,SLK,SK,GOVT NATIONAL,20300409,1,EUR
SK4120009762,SVK,SLOVGB 3.625 16/01/29,SLK,SK,GOVT NATIONAL,20290116,1,EUR
EU000A3K4EU0,NXG,EU 3.25 04/02/50 G,EUM,EU,Supranational,20500204,1,EUR
ES0000012J49,PRL,SPGBR 0 31/10/71,ESP,ES,GOVT NATIONAL,20711031,0,EUR
DE0001102408,DEM,DBR 0 15/08/26,GEM,DE,GOVT NATIONAL,20260815,1,EUR
ES0000012J98,CUP,SPGBS 0 31/10/69,ESP,ES,GOVT NATIONAL,20691031,0,EUR
BE0008540040,BFS,BE-strips 22/06/53,BEL,BE,GOVT NATIONAL,20530622,0,EUR
IL0011840761,SHA,ILGOV 2.800 29/11/52,ISR,IL,GOVT NATIONAL,20521129,1,ILS
ES0000012J80,CUP,SPGBS 0 31/10/68,ESP,ES,GOVT NATIONAL,20681031,0,EUR
ES0000012K12,CUP,SPGBS 0 31/10/71,ESP,ES,GOVT NATIONAL,20711031,0,EUR
ES0000012K04,CUP,SPGBS 0 31/10/70,ESP,ES,GOVT NATIONAL,20701031,0,EUR
ES0000012G91,BON,SPGB 0 31/01/26,ESP,ES,GOVT NATIONAL,20260131,1,EUR
HU0000406624,HGB,HGB 7.000 24/10/35,HUN,HU,GOVT NATIONAL,20351024,1,HUF
DE000BU0E147,GTC,BUBILL 0 19/02/25,GEM,DE,GOVT NATIONAL,20250219,0,EUR
IT0005323032,BTP,BTPS 2.000 01/02/28,MTS,IT,GOVT NATIONAL,20280201,1,EUR
HU0000363064,MFB,MAGYAR 9.200 21/10/26,HUN,LV,BANK,20261021,1,HUF
ES0000012A30,CUP,SPGBS 0  30/07/62,ESP,ES,GOVT NATIONAL,20620730,0,EUR
SI0002104048,RSL,SLOREP 0.4875 20/10/50,RSL,SI,GOVT NATIONAL,20501020,1,EUR
FR0013131877,OAT,FRTR 0.500 25/05/26,FRF,FR,GOVT NATIONAL,20260525,1,EUR
ES0000012K53,OBE,SPGB 0.800 30/07/29,ESP,ES,GOVT NATIONAL,20290730,1,EUR
SI0002103602,RSL,SLOREP 2.250 03/03/32,RSL,SI,GOVT NATIONAL,20320303,1,EUR
IT0003745541,BTi,BTPSi 2.350 15/09/35,MTS,IT,GOVT NATIONAL,20350915,3,EUR
ES0000012A48,CUP,SPGBS 0  30/07/63,ESP,ES,GOVT NATIONAL,20630730,0,EUR
FR0010916924,OAT,FRTR 3.500 25/04/26,FRF,FR,GOVT NATIONAL,20260425,1,EUR
ES0000012A55,CUP,SPGBS 0  30/07/64,ESP,ES,GOVT NATIONAL,20640730,0,EUR
ES0000012A63,CUP,SPGBS 0  30/07/65,ESP,ES,GOVT NATIONAL,20650730,0,EUR
ES0000012A71,CUP,SPGBS 0  30/07/66,ESP,ES,GOVT NATIONAL,20660730,0,EUR
IT0005274805,BTP,BTPS 2.050 01/08/27,MTS,IT,GOVT NATIONAL,20270801,1,EUR
DE000BU22031,DEM,BKO 3.100 12/12/25,GEM,DE,GOVT NATIONAL,20251212,1,EUR
IT0005094088,BTP,BTPS 1.650 01/03/32,MTS,IT,GOVT NATIONAL,20320301,1,EUR
IT0005127086,BTP,BTPS 2.000 01/12/25,MTS,IT,GOVT NATIONAL,20251201,1,EUR
FR001400FYQ4,OAT,FRTR 2.500 24/09/26,FRF,FR,GOVT NATIONAL,20260924,1,EUR
FR0013200813,OAT,FRTR 0.250 25/11/26,FRF,FR,GOVT NATIONAL,20261125,1,EUR
FI4000167317,RFG,RFGB 0.875 15/09/25,FIN,FI,GOVT NATIONAL,20250915,1,EUR
IT0004545890,BTi,BTPSi 2.550 15/09/41,MTS,IT,GOVT NATIONAL,20410915,3,EUR
CZ0001004477,CGB,CZGB 0.950 15/05/30,CZE,CZ,GOVT NATIONAL,20300515,1,CZK
PTOTEWOE0017,PTE,PGB 2.250 18/04/34,PTE,PT,GOVT NATIONAL,20340418,1,EUR
HU0000404934,HGB,HGB 1.500 26/08/26,HUN,HU,GOVT NATIONAL,20260826,1,HUF
ES00000125H1,PRL,SPGBR 0 31/10/28,ESP,ES,GOVT NATIONAL,20281031,0,EUR
IT0005631590,BTP,BTPS 3.650 01/08/35,MTS,IT,GOVT NATIONAL,20350801,1,EUR
ES0000012M93,OBE,SPGB 4.000 31/10/54,ESP,ES,GOVT NATIONAL,20541031,1,EUR
IT0005582868,BOT,BOT 14/02/25 12M,MTS,IT,GOVT NATIONAL,20250214,0,EUR
BE0312808802,BTC,BGTB 0 15/01/26,BEL,BE,GOVT NATIONAL,20260115,0,EUR
FR0014001N38,OAI,FRTRei 0.100 25/07/31,FRF,FR,GOVT NATIONAL,20310725,3,EUR
IT0005631608,BTP,BTPS 4.100 30/04/46 G,MTS,IT,GOVT NATIONAL,20460430,1,EUR
DE0001102556,DEM,DBR 0 15/11/28,GEM,DE,GOVT NATIONAL,20281115,1,EUR
FR0014002WK3,OAT,FRTR 0 25/11/31,FRF,FR,GOVT NATIONAL,20311125,1,EUR
NL0011220108,DSL,NETHER 0.250 15/07/25,NLD,NL,GOVT NATIONAL,20250715,1,EUR
ES00000125M1,CUP,SPGBS 0 31/10/28,ESP,ES,GOVT NATIONAL,20281031,0,EUR
SI0002103487,RSL,SLOREP 1.500 25/03/35,RSL,SI,GOVT NATIONAL,20350325,1,EUR
BE0000361700,OLO,BGB 3.500 22/06/55 #101,BEL,BE,GOVT NATIONAL,20550622,1,EUR
ES00000125K5,CUP,SPGBS 0 31/10/26,ESP,ES,GOVT NATIONAL,20261031,0,EUR
ES00000125L3,CUP,SPGBS 0 31/10/27,ESP,ES,GOVT NATIONAL,20271031,0,EUR
HU0000525100,HTB,HTB 0 21/08/25,HUN,HU,GOVT NATIONAL,20250821,0,HUF
ES00000125J7,CUP,SPGBS 0 31/10/25,ESP,ES,GOVT NATIONAL,20251031,0,EUR
ES0000012G67,PRL,SPGBR 0  30/07/27,ESP,ES,GOVT NATIONAL,20270730,0,EUR
AT0000A1XML2,ATS,RAGB 2.100 20/09/2117,ATS,AT,GOVT NATIONAL,21170920,1,EUR
IL0012118381,ILT,ILTBIL 0 31/08/25,ISR,IL,GOVT NATIONAL,20250831,0,ILS
FR0013286192,OAT,FRTR 0.750 25/05/28,FRF,FR,GOVT NATIONAL,20280525,1,EUR
DE000BU0E220,GTC,BUBILL 0 15/10/25,GEM,DE,GOVT NATIONAL,20251015,0,EUR
EU000A3K4D82,NXG,EU 2.75 05/10/26,EUM,EU,Supranational,20261005,1,EUR
ES0000012H25,PRL,SPGBR 0  31/10/50,ESP,ES,GOVT NATIONAL,20501031,0,EUR
ES00000127C8,SIL,SPGBei 1.000 30/11/30,ESP,ES,GOVT NATIONAL,20301130,3,EUR
IT0005340929,BTP,BTPS 2.800 01/12/28,MTS,IT,GOVT NATIONAL,20281201,1,EUR
FR0012938116,OAT,FRTR 1.000 25/11/25,FRF,FR,GOVT NATIONAL,20251125,1,EUR
IT0005617367,BOT,BOT 14/10/25 12M,MTS,IT,GOVT NATIONAL,20251014,0,EUR
DE0001102440,DEM,DBR 0.500 15/02/28,GEM,DE,GOVT NATIONAL,20280215,1,EUR
BE0000320292,OLO,BGB 4.250 28/03/41 #60,BEL,BE,GOVT NATIONAL,20410328,1,EUR
FI4000480488,RFG,RFGB 0.125 15/04/52,FIN,FI,GOVT NATIONAL,20520415,1,EUR
ES0L02510102,LET,SGLT 0 10/10/25,ESP,ES,GOVT NATIONAL,20251010,0,EUR
BE0000353624,OLO,BGB 0.650 22/06/71 #93,BEL,BE,GOVT NATIONAL,20710622,1,EUR
ES0000012N50,PRL,SPGBR 0 31/05/27,ESP,ES,GOVT NATIONAL,20270531,0,EUR
ES0000012N68,PRL,SPGBR 0 31/05/29,ESP,ES,GOVT NATIONAL,20290531,0,EUR
DE000BU0E204,GTC,BUBILL 0 20/08/25,GEM,DE,GOVT NATIONAL,20250820,0,EUR
FI4000037635,RFG,RFGB 2.750 04/07/28,FIN,FI,GOVT NATIONAL,20280704,1,EUR
XS2297209293,CYP,CYPRUS 0 09/02/26,CYB,CY,Sovereign,20260209,1,EUR
XS1956050923,CYP,CYPRUS 2.750 26/02/34,CYB,CY,Sovereign,20340226,1,EUR
IT0005556011,BTP,BTPS 3.850 15/09/26,MTS,IT,GOVT NATIONAL,20260915,1,EUR
IL0011973265,IIL,ILCPI 1.100 31/10/28,ISR,IL,GOVT NATIONAL,20281031,3,ILS
PTOTECOE0037,PTE,PGB 1.000 12/04/52,PTE,PT,GOVT NATIONAL,20520412,1,EUR
IT0005138828,BTi,BTPSi 1.250 15/09/32,MTS,IT,GOVT NATIONAL,20320915,3,EUR
IT0005631533,BOT,BOT 14/01/26 12M,MTS,IT,GOVT NATIONAL,20260114,0,EUR
FR0013327491,OAI,FRTRei 0.100 25/07/36,FRF,FR,GOVT NATIONAL,20360725,3,EUR
FI4000278551,RFG,RFGB 0.500 15/09/27,FIN,FI,GOVT NATIONAL,20270915,1,EUR
ES0000012J31,PRL,SPGBR 0 30/07/37,ESP,ES,GOVT NATIONAL,20370730,0,EUR
DE000BU0E246,GTC,BUBILL 0 14/01/26,GEM,DE,GOVT NATIONAL,20260114,0,EUR
ES0000012J23,PRL,SPGBR 0 31/10/31,ESP,ES,GOVT NATIONAL,20311031,0,EUR
IL0010994569,SHA,ILGOV 6.250 30/10/26,ISR,IL,GOVT NATIONAL,20261030,1,ILS
ES00000123I4,PRL,SPGBR 0 30/07/26,ESP,ES,GOVT NATIONAL,20260730,0,EUR
ES0000012O59,BON,SPGB 2.400 31/05/28,ESP,ES,GOVT NATIONAL,20280531,1,EUR
DE000BU25026,DEM,OBL 2.100 12/04/29 #189,GEM,DE,GOVT NATIONAL,20290412,1,EUR
ES0L02506068,LET,SGLT 0 06/06/25,ESP,ES,GOVT NATIONAL,20250606,0,EUR
FR0013154135,FFS,OAT 0%25/05/51 DEM,FRF,FR,GOVT NATIONAL,20510525,0,EUR
FR0013154127,FFS,OAT 0%25/05/50 DEM,FRF,FR,GOVT NATIONAL,20500525,0,EUR
FR0013154192,FFS,OAT 0%25/05/53 DEM,FRF,FR,GOVT NATIONAL,20530525,0,EUR
FR0013154143,FFS,OAT 0%25/05/52 DEM,FRF,FR,GOVT NATIONAL,20520525,0,EUR
FI4000527551,RFG,RFGB 1.375 15/04/27,FIN,FI,GOVT NATIONAL,20270415,1,EUR
FR0013154119,FFS,OAT 0%25/05/49 DEM,FRF,FR,GOVT NATIONAL,20490525,0,EUR
IT0005388175,ITA,BTPSi ITA 0.650 28/10/27,MTS,IT,GOVT NATIONAL,20271028,3,EUR
FR0013154101,FFS,OAT 0%25/05/48 DEM,FRF,FR,GOVT NATIONAL,20480525,0,EUR
EU000A3K4DD8,NXG,EU 1.0 06/07/32,EUM,EU,Supranational,20320706,1,EUR
FR0013154218,FFS,OAT 0%25/05/55 DEM,FRF,FR,GOVT NATIONAL,20550525,0,EUR
FR0013154200,FFS,OAT 0%25/05/54 DEM,FRF,FR,GOVT NATIONAL,20540525,0,EUR
FR0013154234,FFS,OAT 0%25/05/57 DEM,FRF,FR,GOVT NATIONAL,20570525,0,EUR
FR0013154226,FFS,OAT 0%25/05/56 DEM,FRF,FR,GOVT NATIONAL,20560525,0,EUR
DE0001102531,DEM,DBR 0 15/02/31,GEM,DE,GOVT NATIONAL,20310215,1,EUR
FR001400QMF9,OAT,FRTR 3.000 25/11/34,FRF,FR,GOVT NATIONAL,20341125,1,EUR
IT0004735152,BTi,BTPSi 3.100 15/09/26,MTS,IT,GOVT NATIONAL,20260915,3,EUR
ES0000012K20,OBE,SPGB 0.700 30/04/32,ESP,ES,GOVT NATIONAL,20320430,1,EUR
NL0014555419,DSL,NETHER 0 15/07/30,NLD,NL,GOVT NATIONAL,20300715,1,EUR
FR0013154093,FFS,OAT 0%25/05/47 DEM,FRF,FR,GOVT NATIONAL,20470525,0,EUR
BE0000304130,OLO,BGB 5.000 28/03/35 #44,BEL,BE,GOVT NATIONAL,20350328,1,EUR
IT0005491250,CCT,CCTeu 1.928 15/10/30,MTS,IT,GOVT NATIONAL,20301015,2,EUR
FR0013234333,OAT,FRTR 1.750 25/06/39,FRF,FR,GOVT NATIONAL,20390625,1,EUR
ES0000012K87,CUP,SPGBS 0 30/04/32,ESP,ES,GOVT NATIONAL,20320430,0,EUR
HU0000360771,MFB,MAGYAR 2.900 22/10/31,HUN,LV,BANK,20311022,1,HUF
FR0013154085,FFS,OAT 0%25/05/46 DEM,FRF,FR,GOVT NATIONAL,20460525,0,EUR
ES00000128P8,OBE,SPGB 1.500 30/04/27,ESP,ES,GOVT NATIONAL,20270430,1,EUR
HU0000363874,MFB,MAGYAR 7.400 28/02/29,HUN,LV,BANK,20290228,1,HUF
IE00BMQ5JL65,IRL,IRISH 0 18/10/31,IRL,IE,GOVT NATIONAL,20311018,1,EUR
FR0013519253,OAI,FRTRei 0.100 01/03/26,FRF,FR,GOVT NATIONAL,20260301,3,EUR
ES0000012N35,OBE,SPGB 3.450 31/10/34,ESP,ES,GOVT NATIONAL,20341031,1,EUR
PTPBTXGE0042,PTC,PORTB 0 19/09/25,PTE,PT,GOVT NATIONAL,20250919,0,EUR
ES0L02503073,LET,SGLT 0 07/03/25,ESP,ES,GOVT NATIONAL,20250307,0,EUR
IT0005592370,BOT,BOT 14/04/25 12M,MTS,IT,GOVT NATIONAL,20250414,0,EUR
AT0000A33SH3,ATS,RAGB 2.900 23/05/29,ATS,AT,GOVT NATIONAL,20290523,1,EUR
EU000A3K4DS6,NXG,EU 2.0 04/10/27,EUM,EU,Supranational,20271004,1,EUR
EU000A3K4DT4,NXG,EU 2.5 04/10/52,EUM,EU,Supranational,20521004,1,EUR
AT0000A33SK7,ATS,RAGB 3.150 20/10/53,ATS,AT,GOVT NATIONAL,20531020,1,EUR
CZ0001007421,CZE,CZECH 0.000 29/11/27,CZE,CZ,GOVT NATIONAL,20271129,1,EUR
ES0L02512058,LET,SGLT 0 05/12/25,ESP,ES,GOVT NATIONAL,20251205,0,EUR
IT0005543803,BTi,BTPSi 1.500 15/05/29,MTS,IT,GOVT NATIONAL,20290515,3,EUR
BE0000356650,OLO,BGB 2.750 22/04/39 #96,BEL,BE,GOVT NATIONAL,20390422,1,EUR
IT0005240830,BTP,BTPS 2.200 01/06/27,MTS,IT,GOVT NATIONAL,20270601,1,EUR
SK4000024675,SVK,SLOVGB 3.000 07/02/26,SLK,SK,GOVT NATIONAL,20260207,1,EUR
SI0002103164,RSL,SLOREP 5.125 30/03/26,RSL,SI,GOVT NATIONAL,20260330,1,EUR
HU0000525068,HTB,HTB 0 30/04/25,HUN,HU,GOVT NATIONAL,20250430,0,HUF
FI4000546528,RFG,RFGB 2.750 15/04/38,FIN,FI,GOVT NATIONAL,20380415,1,EUR
ES00000128V6,PRL,SPGBR 0 30/04/27,ESP,ES,GOVT NATIONAL,20270430,0,EUR
ES00000128W4,CUP,SPGBS 0 30/04/27,ESP,ES,GOVT NATIONAL,20270430,0,EUR
AT0000A2CQD2,ATS,RAGB 0 20/02/30,ATS,AT,GOVT NATIONAL,20300220,1,EUR
IT0005408502,BTP,BTPS 1.850 01/07/25,MTS,IT,GOVT NATIONAL,20250701,1,EUR
ES0000012L52,OBE,SPGB 3.150 30/04/33,ESP,ES,GOVT NATIONAL,20330430,1,EUR
HU0000361035,MFB,MAGYAR 4.600 24/10/29,HUN,LV,BANK,20291024,1,HUF
ES0000012C38,PRL,SPGBR 0  30/07/28,ESP,ES,GOVT NATIONAL,20280730,0,EUR
HU0000357892,MFB,MAGYAR 3.000 27/10/27,HUN,LV,BANK,20271027,1,HUF
IT0005586349,BOT,BOT 14/03/25 12M,MTS,IT,GOVT NATIONAL,20250314,0,EUR
IT0005599904,BTP,BTPS 3.450 15/07/27,MTS,IT,GOVT NATIONAL,20270715,1,EUR
EU000A3K4EL9,NXG,EU 4.0 04/04/44,EUM,EU,Supranational,20440404,1,EUR
FR0011461425,FFS,OAT 0%25/05/26 DEM,FRF,FR,GOVT NATIONAL,20260525,0,EUR
FR0011461417,FFS,OAT 0%25/05/25 DEM,FRF,FR,GOVT NATIONAL,20250525,0,EUR
FR0011461458,FFS,OAT 0%25/05/28 DEM,FRF,FR,GOVT NATIONAL,20280525,0,EUR
FR0011461433,FFS,OAT 0%25/05/27 DEM,FRF,FR,GOVT NATIONAL,20270525,0,EUR
BE0000341504,OLO,BGB 0.800 22/06/27 #81,BEL,BE,GOVT NATIONAL,20270622,1,EUR
ES0000012E36,PRL,SPGBR 0  31/10/64,ESP,ES,GOVT NATIONAL,20641031,0,EUR
NL0015002BT3,DTC,DTB 0 28/05/25,NLD,NL,GOVT NATIONAL,20250528,0,EUR
DE0001102564,DEM,DBR 0 15/08/31,GEM,DE,GOVT NATIONAL,20310815,1,EUR
BE0000335449,OLO,BGB 1.000 22/06/31 #75,BEL,BE,GOVT NATIONAL,20310622,1,EUR
DE0001102499,DEM,DBR 0 15/02/30,GEM,DE,GOVT NATIONAL,20300215,1,EUR
IT0005383309,BTP,BTPS 1.350 01/04/30,MTS,IT,GOVT NATIONAL,20300401,1,EUR
IT0005390874,BTP,BTPS 0.850 15/01/27,MTS,IT,GOVT NATIONAL,20270115,1,EUR
EU000A3KSXE1,NXG,EU 0.0 04/07/31,EUM,EU,Supranational,20310704,1,EUR
ES0000012J15,BON,SPGB 0 31/01/27,ESP,ES,GOVT NATIONAL,20270131,1,EUR
IL0011948028,SHA,ILGOV 3.750 28/02/29,ISR,IL,GOVT NATIONAL,20290228,1,ILS
EU000A3K4DG1,NXG,EU 1.25 04/02/43,EUM,EU,Supranational,20430204,1,EUR
ES0000012F43,OBE,SPGB 0.600 31/10/29,ESP,ES,GOVT NATIONAL,20291031,1,EUR
IT0005582421,BTP,BTPS 4.150 01/10/39,MTS,IT,GOVT NATIONAL,20391001,1,EUR
IT0005599474,BOT,BOT 13/06/25 12M,MTS,IT,GOVT NATIONAL,20250613,0,EUR
ES0000012031,CUP,SPGBS 0 31/01/28,ESP,ES,GOVT NATIONAL,20280131,0,EUR
SK4000024683,SVK,SLOVGB 3.000 07/02/28,SLK,SK,GOVT NATIONAL,20280207,1,EUR
ES0000012023,CUP,SPGBS 0 31/01/27,ESP,ES,GOVT NATIONAL,20270131,0,EUR
ES0000012049,CUP,SPGBS 0 31/01/29,ESP,ES,GOVT NATIONAL,20290131,0,EUR
ES00000120B5,CUP,SPGBS 0 31/01/37,ESP,ES,GOVT NATIONAL,20370131,0,EUR
ES0000012007,CUP,SPGBS 0 31/01/26,ESP,ES,GOVT NATIONAL,20260131,0,EUR
ES00000120D1,PRL,SPGBR 0 31/01/37,ESP,ES,GOVT NATIONAL,20370131,0,EUR
FI4000517677,RFG,RFGB 0.500 15/04/43,FIN,FI,GOVT NATIONAL,20430415,1,EUR
FI4000197959,RFG,RFGB 0.500 15/04/26,FIN,FI,GOVT NATIONAL,20260415,1,EUR
ES00000120A7,CUP,SPGBS 0 31/01/36,ESP,ES,GOVT NATIONAL,20360131,0,EUR
FR0014008181,OAI,FRTRei 0.100 25/07/53,FRF,FR,GOVT NATIONAL,20530725,3,EUR
BE0000338476,OLO,BGB 1.600 22/06/47 #78,BEL,BE,GOVT NATIONAL,20470622,1,EUR
IT0005494239,BTP,BTPS 2.500 01/12/32,MTS,IT,GOVT NATIONAL,20321201,1,EUR
ES00000122E5,OBE,SPGB 4.650 30/07/25,ESP,ES,GOVT NATIONAL,20250730,1,EUR
PTOTEYOE0031,PTE,PGB 1.650 16/07/32,PTE,PT,GOVT NATIONAL,20320716,1,EUR
SI0002103685,RSL,SLOREP 1.250 22/03/27,RSL,SI,GOVT NATIONAL,20270322,1,EUR
AT0000A10683,ATS,RAGB 2.400 23/05/34,ATS,AT,GOVT NATIONAL,20340523,1,EUR
PTPBTCGE0062,PTC,PORTB 0 21/03/25,PTE,PT,GOVT NATIONAL,20250321,0,EUR
ES0000012L45,PRL,SPGBR 0  31/10/52,ESP,ES,GOVT NATIONAL,20521031,0,EUR
IT0005560948,BTP,BTPS 4.200 01/03/34,MTS,IT,GOVT NATIONAL,20340301,1,EUR
ES0000012N01,PRL,SPGBR 0 31/10/33,ESP,ES,GOVT NATIONAL,20331031,0,EUR
IT0005240350,BTP,BTPS 2.450 01/09/33,MTS,IT,GOVT NATIONAL,20330901,1,EUR
IT0005377152,BTP,BTPS 3.100 01/03/40,MTS,IT,GOVT NATIONAL,20400301,1,EUR
HU0000363775,MFB,MAGYAR 7.500 22/05/30,HUN,LV,BANK,20300522,1,HUF
IL0011254005,SHA,ILGOV 5.500 31/01/42,ISR,IL,GOVT NATIONAL,20420131,1,ILS
DE000BU2D004,DEM,DBR 2.500 15/08/54,GEM,DE,GOVT NATIONAL,20540815,1,EUR
FR0013154317,FFS,OAT 0%25/05/62 DEM,FRF,FR,GOVT NATIONAL,20620525,0,EUR
FR0013154309,FFS,OAT 0%25/05/61 DEM,FRF,FR,GOVT NATIONAL,20610525,0,EUR
FR0013154333,FFS,OAT 0%25/05/64 DEM,FRF,FR,GOVT NATIONAL,20640525,0,EUR
FR0013154325,FFS,OAT 0%25/05/63 DEM,FRF,FR,GOVT NATIONAL,20630525,0,EUR
FR0013154259,FFS,OAT 0%25/05/58 DEM,FRF,FR,GOVT NATIONAL,20580525,0,EUR
FR0013154291,FFS,OAT 0%25/05/60 DEM,FRF,FR,GOVT NATIONAL,20600525,0,EUR
NL0015000B11,DSL,NETHER 0 15/01/38,NLD,NL,GOVT NATIONAL,20380115,1,EUR
FR0013154283,FFS,OAT 0%25/05/59 DEM,FRF,FR,GOVT NATIONAL,20590525,0,EUR
IT0005402117,BTP,BTPS 1.450 01/03/36,MTS,IT,GOVT NATIONAL,20360301,1,EUR
SI0002103966,RSL,SLOREP 0.275 14/01/30,RSL,SI,GOVT NATIONAL,20300114,1,EUR
NL0015000RP1,DSL,NETHER 0.500 15/07/32,NLD,NL,GOVT NATIONAL,20320715,1,EUR
FR0013154358,FFS,OAT 0%25/05/66 DEM,FRF,FR,GOVT NATIONAL,20660525,0,EUR
FR0013154341,FFS,OAT 0%25/05/65 DEM,FRF,FR,GOVT NATIONAL,20650525,0,EUR
ES00000123C7,OBE,SPGB 5.900 30/07/26,ESP,ES,GOVT NATIONAL,20260730,1,EUR
CZ0001003859,CGB,CZGB 2.500 25/08/28,CZE,CZ,GOVT NATIONAL,20280825,1,CZK
BE0000291972,OLO,BGB 5.500 28/03/28 #31,BEL,BE,GOVT NATIONAL,20280328,1,EUR
ES0000012E51,OBE,SPGB 1.450 30/04/29,ESP,ES,GOVT NATIONAL,20290430,1,EUR
DE0001135432,DEM,DBR 3.250 04/07/42,GEM,DE,GOVT NATIONAL,20420704,1,EUR
BE0000324336,OLO,BGB 4.500 28/03/26 #64,BEL,BE,GOVT NATIONAL,20260328,1,EUR
SK4120014150,SVK,SLOVGB 1.000 12/06/28,SLK,SK,GOVT NATIONAL,20280612,1,EUR
FR0000571200,FPO,FRTRR 0 25/04/29,FRF,FR,GOVT NATIONAL,20290425,0,EUR
FR0000571192,FCO,FRTRS 0 25/04/29,FRF,FR,GOVT NATIONAL,20290425,0,EUR
FR0000571218,OAT,FRTR 5.500 25/04/29,FRF,FR,GOVT NATIONAL,20290425,1,EUR
AT0000A1PEF7,ATS,RAGB 1.500 02/11/86,ATS,AT,GOVT NATIONAL,20861102,1,EUR
IL0011626681,SHA,ILGOV 0.500 30/04/25,ISR,IL,GOVT NATIONAL,20250430,1,ILS
SI0002103677,RSL,SLOREP 1.750 03/11/40,RSL,SI,GOVT NATIONAL,20401103,1,EUR
FR0128838408,FTB,BTF 0 30/04/25,FRF,FR,GOVT NATIONAL,20250430,0,EUR
SK4120014184,SVK,SLOVGB 2.250 12/06/68,SLK,SK,GOVT NATIONAL,20680612,1,EUR
FR0000578544,FCO,FRTRS 0 25/10/26,FRF,FR,GOVT NATIONAL,20261025,0,EUR
FR0000578536,FPO,FRTRR 0 25/10/32,FRF,FR,GOVT NATIONAL,20321025,0,EUR
HU0000525092,HTB,HTB 0 25/06/25,HUN,HU,GOVT NATIONAL,20250625,0,HUF
FR0000571135,FPO,FRTRR 0 25/10/25,FRF,FR,GOVT NATIONAL,20251025,0,EUR
ES00000124H4,OBE,SPGB 5.150 31/10/44,ESP,ES,GOVT NATIONAL,20441031,1,EUR
IT0005542797,BTP,BTPS 3.700 15/06/30,MTS,IT,GOVT NATIONAL,20300615,1,EUR
BE0008512734,BFS,BE-strips 22/06/25,BEL,BE,GOVT NATIONAL,20250622,0,EUR
FR0000571127,FCO,FRTRS 0 25/04/25,FRF,FR,GOVT NATIONAL,20250425,0,EUR
BE0008513740,BFS,BE-strips 22/06/26,BEL,BE,GOVT NATIONAL,20260622,0,EUR
FR0000571150,OAT,FRTR 6.000 25/10/25,FRF,FR,GOVT NATIONAL,20251025,1,EUR
FR0000571143,FCO,FRTRS 0 25/10/25,FRF,FR,GOVT NATIONAL,20251025,0,EUR
NL00150012X2,DSL,NETHER 2.000 15/01/54,NLD,NL,GOVT NATIONAL,20540115,1,EUR
FR0013508470,OAT,FRTR 0 25/02/26,FRF,FR,GOVT NATIONAL,20260225,1,EUR
ES0000012L03,PRL,SPGBR 0  30/07/29,ESP,ES,GOVT NATIONAL,20290730,0,EUR
IT0005433690,BTP,BTPS 0.250 15/03/28,MTS,IT,GOVT NATIONAL,20280315,1,EUR
DE0001141836,DEM,OBL 0 10/04/26 #183,GEM,DE,GOVT NATIONAL,20260410,1,EUR
SK4000026241,SVK,SLOVGB 3.000 06/11/31,SLK,SK,GOVT NATIONAL,20311106,1,EUR
ES0L02511076,LET,SGLT 0 07/11/25,ESP,ES,GOVT NATIONAL,20251107,0,EUR
FR0000571176,FCO,FRTRS 0 25/04/27,FRF,FR,GOVT NATIONAL,20270425,0,EUR
IE00080U68D3,IRL,IRISH 3.150 18/10/55,IRL,IE,GOVT NATIONAL,20551018,1,EUR
BE0008516776,BFS,BE-strips 22/06/29,BEL,BE,GOVT NATIONAL,20290622,0,EUR
FR0000571168,FCO,FRTRS 0 25/04/26,FRF,FR,GOVT NATIONAL,20260425,0,EUR
FR0013313582,OAT,FRTR 1.250 25/05/34,FRF,FR,GOVT NATIONAL,20340525,1,EUR
BE0008514755,BFS,BE-strips 22/06/27,BEL,BE,GOVT NATIONAL,20270622,0,EUR
FR0000571184,FCO,FRTRS 0 25/04/28,FRF,FR,GOVT NATIONAL,20280425,0,EUR
BE0008515760,BFS,BE-strips 22/06/28,BEL,BE,GOVT NATIONAL,20280622,0,EUR
BE0008524853,BFS,BE-strips 22/06/37,BEL,BE,GOVT NATIONAL,20370622,0,EUR
HU0000402748,HGB,HGB 5.500 24/06/25,HUN,HU,GOVT NATIONAL,20250624,1,HUF
BE0008525868,BFS,BE-strips 22/06/38,BEL,BE,GOVT NATIONAL,20380622,0,EUR
BE0008522832,BFS,BE-strips 22/06/35,BEL,BE,GOVT NATIONAL,20350622,0,EUR
BE0008523848,BFS,BE-strips 22/06/36,BEL,BE,GOVT NATIONAL,20360622,0,EUR
BE0008519804,BFS,BE-strips 22/06/32,BEL,BE,GOVT NATIONAL,20320622,0,EUR
BE0008520810,BFS,BE-strips 22/06/33,BEL,BE,GOVT NATIONAL,20330622,0,EUR
DE0001135481,DEM,DBR 2.500 04/07/44,GEM,DE,GOVT NATIONAL,20440704,1,EUR
BE0008517782,BFS,BE-strips 22/06/30,BEL,BE,GOVT NATIONAL,20300622,0,EUR
ES0000012B47,OBE,SPGB 2.700 31/10/48,ESP,ES,GOVT NATIONAL,20481031,1,EUR
BE0008518798,BFS,BE-strips 22/06/31,BEL,BE,GOVT NATIONAL,20310622,0,EUR
ES0000012L29,BON,SPGB 2.800 31/05/26,ESP,ES,GOVT NATIONAL,20260531,1,EUR
DE0001102606,DEM,DBR 1.700 15/08/32,GEM,DE,GOVT NATIONAL,20320815,1,EUR
FR0013407236,OAT,FRTR 0.500 25/05/29,FRF,FR,GOVT NATIONAL,20290525,1,EUR
IT0005542359,BTP,BTPS 4.000 30/10/31 G,MTS,IT,GOVT NATIONAL,20311030,1,EUR
FR0128537216,FTB,BTF 0 09/04/25,FRF,FR,GOVT NATIONAL,20250409,0,EUR
IT0005633786,BOT,BOT 31/07/25 6M,MTS,IT,GOVT NATIONAL,20250731,0,EUR
FR001400PM68,OAT,FRTR 2.750 25/02/30,FRF,FR,GOVT NATIONAL,20300225,1,EUR
HU0000404603,HGB,HGB 2.000 23/05/29,HUN,HU,GOVT NATIONAL,20290523,1,HUF
ES00000127E4,PRL,SPGBR 0 30/04/25,ESP,ES,GOVT NATIONAL,20250430,0,EUR
NL0015002AQ1,DTC,DTB 0 29/04/25,NLD,NL,GOVT NATIONAL,20250429,0,EUR
ES0000011991,CUP,SPGBS 0 31/01/25,ESP,ES,GOVT NATIONAL,20250131,0,EUR
BE0008526874,BFS,BE-strips 22/06/39,BEL,BE,GOVT NATIONAL,20390622,0,EUR
BE0008527880,BFS,BE-strips 22/06/40,BEL,BE,GOVT NATIONAL,20400622,0,EUR
DE000BU25000,DEM,OBL 2.200 13/04/28 #187,GEM,DE,GOVT NATIONAL,20280413,1,EUR
ES0000011868,OBE,SPGB 6.000 31/01/29,ESP,ES,GOVT NATIONAL,20290131,1,EUR
XS2610236445,CYP,CYPRUS 4.125 13/04/33,CYB,CY,Sovereign,20330413,1,EUR
FI4000415153,RFG,RFGB 0.125 15/04/36,FIN,FI,GOVT NATIONAL,20360415,1,EUR
IT0005413171,BTP,BTPS 1.650 01/12/30,MTS,IT,GOVT NATIONAL,20301201,1,EUR
ES0000011876,PRL,SPGBR 0 31/01/29,ESP,ES,GOVT NATIONAL,20290131,0,EUR
FR0128227818,FTB,BTF 0 26/02/25,FRF,FR,GOVT NATIONAL,20250226,0,EUR
DE0001141851,DEM,OBL 0 16/04/27 #185,GEM,DE,GOVT NATIONAL,20270416,1,EUR
IT0005519787,BTP,BTPS 3.850 15/12/29,MTS,IT,GOVT NATIONAL,20291215,1,EUR
DE0001102622,DEM,DBR 2.100 15/11/29,GEM,DE,GOVT NATIONAL,20291115,1,EUR
BE0008553175,BFS,BE-strips 22/06/66,BEL,BE,GOVT NATIONAL,20660622,0,EUR
ES0000012F92,BON,SPGB 0 31/01/25,ESP,ES,GOVT NATIONAL,20250131,1,EUR
BE0008534951,BFS,BE-strips 22/06/47,BEL,BE,GOVT NATIONAL,20470622,0,EUR
EU000A3KWCF4,NXG,EU 0.0 04/10/28,EUM,EU,Supranational,20281004,1,EUR
AT0000A324S8,ATS,RAGB 2.900 20/02/33,ATS,AT,GOVT NATIONAL,20330220,1,EUR
DE000BU22015,DEM,BKO 2.800 12/06/25,GEM,DE,GOVT NATIONAL,20250612,1,EUR
FR001400BKZ3,OAT,FRTR 2.000 25/11/32,FRF,FR,GOVT NATIONAL,20321125,1,EUR
HU0000361092,MFB,MAGYAR 4.500 22/04/27,HUN,LV,BANK,20270422,1,HUF
DE0001030559,GIL,DBRi 0.500 15/04/30,GEM,DE,GOVT NATIONAL,20300415,3,EUR
IT0004889033,BTP,BTPS 4.750 01/09/28,MTS,IT,GOVT NATIONAL,20280901,1,EUR
IT0005544082,BTP,BTPS 4.350 01/11/33,MTS,IT,GOVT NATIONAL,20331101,1,EUR
DE000BU3Z005,DEM,DBR 2.30 15/02/33 G,GEM,DE,GOVT NATIONAL,20330215,1,EUR
SI0002104303,RSL,SLOREP 3.625 11/03/33,RSL,SI,GOVT NATIONAL,20330311,1,EUR
FI4000550249,RFG,RFGB 3.000 15/09/33,FIN,FI,GOVT NATIONAL,20330915,1,EUR
IE000GVLBXU6,IRL,IRISH 3.000 18/10/43,IRL,IE,GOVT NATIONAL,20431018,1,EUR
EU000A3K4D74,NXG,EU 3.375 04/10/38,EUM,EU,Supranational,20381004,1,EUR
PTOTEZOE0014,PTE,PGB 3.500 18/06/38,PTE,PT,GOVT NATIONAL,20380618,1,EUR
FR001400H7V7,OAT,FRTR 3.000 25/05/33,FRF,FR,GOVT NATIONAL,20330525,1,EUR
FI4000566294,RFG,RFGB 2.950 15/04/55,FIN,FI,GOVT NATIONAL,20550415,1,EUR
FR0128690692,FTB,BTF 0 04/06/25,FRF,FR,GOVT NATIONAL,20250604,0,EUR
DE0001102341,DEM,DBR 2.500 15/08/46,GEM,DE,GOVT NATIONAL,20460815,1,EUR
FR0128379486,FTB,BTF 0 24/04/25,FRF,FR,GOVT NATIONAL,20250424,0,EUR
HU0000364245,MFB,MAGYAR 6.300 02/02/28,HUN,LV,BANK,20280202,1,HUF
FR001400NEF3,OAT,FRTR 3.000 25/06/49,FRF,FR,GOVT NATIONAL,20490625,1,EUR
IT0005433195,BTP,BTPS 0.950 01/03/37,MTS,IT,GOVT NATIONAL,20370301,1,EUR
XS2434393968,CYP,CYPRUS 0.950 20/01/32,CYB,CY,Sovereign,20320120,1,EUR
HU0000405550,HGB,HGB 4.750 24/11/32,HUN,HU,GOVT NATIONAL,20321124,1,HUF
PTOTEMOE0035,PTE,PGB 0.700 15/10/27,PTE,PT,GOVT NATIONAL,20271015,1,EUR
IE00BMD03L28,IRL,IRISH 0.350 18/10/32,IRL,IE,GOVT NATIONAL,20321018,1,EUR
AT0000A2WSC8,ATS,RAGB 0.900 20/02/32,ATS,AT,GOVT NATIONAL,20320220,1,EUR
HU0000405543,HGB,HGB 4.500 23/03/28,HUN,HU,GOVT NATIONAL,20280323,1,HUF
PTOTEPOE0032,PTE,PGB 1.150 11/04/42,PTE,PT,GOVT NATIONAL,20420411,1,EUR
XS1883942648,CYP,CYPRUS 2.375 25/09/28,CYB,CY,Sovereign,20280925,1,EUR
HU0000403340,HGB,HGB 2.750 22/12/26,HUN,HU,GOVT NATIONAL,20261222,1,HUF
BE0000350596,OLO,BGB 0.400 22/06/40 #90,BEL,BE,GOVT NATIONAL,20400622,1,EUR
XS2157184255,CYP,CYPRUS 1.500 16/04/27,CYB,CY,Sovereign,20270416,1,EUR
XS2157183950,CYP,CYPRUS 2.250 16/04/50,CYB,CY,Sovereign,20500416,1,EUR
PTOTENOE0034,PTE,PGB 0.900 12/10/35,PTE,PT,GOVT NATIONAL,20351012,1,EUR
IT0005422891,BTP,BTPS 0.900 01/04/31,MTS,IT,GOVT NATIONAL,20310401,1,EUR
DE0001102507,DEM,DBR 0 15/08/30,GEM,DE,GOVT NATIONAL,20300815,1,EUR
SI0002104105,RSL,SLOREP 0 12/02/31,RSL,SI,GOVT NATIONAL,20310212,1,EUR
BE0008532930,BFS,BE-strips 22/06/45,BEL,BE,GOVT NATIONAL,20450622,0,EUR
DE000BU22007,DEM,BKO 2.500 13/03/25,GEM,DE,GOVT NATIONAL,20250313,1,EUR
BE0008521826,BFS,BE-strips 22/06/34,BEL,BE,GOVT NATIONAL,20340622,0,EUR
FR0014007TY9,OAT,FRTR 0 25/02/25,FRF,FR,GOVT NATIONAL,20250225,1,EUR
HU0000406160,HGB,HGB 9.500 21/10/26,HUN,HU,GOVT NATIONAL,20261021,1,HUF
IT0005493298,BTP,BTPS 1.200 15/08/25,MTS,IT,GOVT NATIONAL,20250815,1,EUR
DE0001102457,DEM,DBR 0.250 15/08/28,GEM,DE,GOVT NATIONAL,20280815,1,EUR
BE0000344532,OLO,BGB 1.450 22/06/37 #84,BEL,BE,GOVT NATIONAL,20370622,1,EUR
ES0000012G34,OBE,SPGB 1.250 31/10/30,ESP,ES,GOVT NATIONAL,20301031,1,EUR
CZ0001005920,CGB,CZGB 1.500 24/04/40,CZE,CZ,GOVT NATIONAL,20400424,1,CZK
BE0000354630,OLO,BGB 0.350 22/06/32 #94,BEL,BE,GOVT NATIONAL,20320622,1,EUR
FR0013410552,OAI,FRTRei 0.100 01/03/29,FRF,FR,GOVT NATIONAL,20290301,3,EUR
SI0002103545,RSL,SLOREP 2.125 28/07/25,RSL,SI,GOVT NATIONAL,20250728,1,EUR
