#Symbol;System Date;Change;IsinCode;Country;Mnemo;Name;MIC;Divisor;t-1 IV;t0 IV;t0 IV unround;Mkt Cap;Nr of components;Curr;FX;ISIN Underlying Price Index;ISIN Gross Return version;ISIN Net Return version;Effect Gross Total Return;Effect Net Total Return ;Stocks Effect Index;Dividend Currency Type;Calculation Type;Index Type;Return Method;Return Value;Number Of Days;Yearly Days;Dead Flag;Rate Name;Adjustment coefficient ind.
QS0011256193;11-12-2025;;QS0011256193;NL;ENVG;Euronext Sustainable US 50 GR;XAMS;;6412.82;6459.59;6459.59030281;;;;;QS0011256169;;;.94974729483589;;US40434L1052;WM ;TR1;Indices;;;;;0;;CALCULATED
QS0011256185;11-12-2025;;QS0011256185;NL;ENVN;Euronext Sustainable US 50 NR;XAMS;;5736.35;5777.81;5777.8112311;;;;;QS0011256169;;;;.66482310638512;US40434L1052;WM ;TR1;Indices;;;;;0;;CALCULATED
QS0011256169;11-12-2025;;QS0011256169;NL;ENVU;Euronext Sustainable US 50;XAMS;838.960010028441;4389.36;4420.42;4420.4215346;3708556.895;50;USD;1;;QS0011256193;QS0011256185;;;;WM ;EU Price;Indices;;;;;0;;CALCULATED
QS0011250865;11-12-2025;;QS0011250865;NL;ENVWG;Euronext Sustainable World 120 GR;XAMS;;3546.52;3586.61;3586.61331115;;;;;QS0011250840;;;0;;;WM ;TR1;Indices;;;;;0;;CALCULATED
QS0011250857;11-12-2025;;QS0011250857;NL;ENVWN;Euronext Sustainable World 120 NR;XAMS;;3174.22;3210.1;3210.09781334;;;;;QS0011250840;;;;0;;WM ;TR1;Indices;;;;;0;;CALCULATED
QS0011250840;11-12-2025;;QS0011250840;NL;ENVW;Euronext Sustainable World 120;XAMS;849.50687603259;2164.64;2189.1;2189.10357334;1859658.53790236;117;USD;1;;QS0011250865;QS0011250857;;;;WM ;EU Price;Indices;;;;;0;;CALCULATED
NL0015436130;11-12-2025;;NL0015436130;NL;NA5GR;Euronext North America 500 GR;XAMS;;8089.05;8032.61;8032.61458391;;;;;NL0015436114;;;.1044467172363;;CA87971M1032 US40434L1052 US8168511090;ECB;TR1;Indices;;;;;0;;CALCULATED
NL0015436122;11-12-2025;;NL0015436122;NL;NA5NR;Euronext North America 500 NR;XAMS;;7190.89;7140.68;7140.67627309;;;;;NL0015436114;;;;.07518122494287;CA87971M1032 US40434L1052 US8168511090;ECB;TR1;Indices;;;;;0;;CALCULATED
NL0015436114;11-12-2025;;NL0015436114;NL;NA500;Euronext North America 500;XAMS;9574797054.68987;5401.96;5364.16;5364.16323076;51360774302796.620152;502;EUR;1;;NL0015436130;NL0015436122;;;;ECB;EU Price;Indices;;;;;0;;CALCULATED
NL0015000I97;11-12-2025;;NL0015000I97;NL;ENWG;Euronext World GR;XAMS;;5801.11;5771.51;5771.50786985;;;;;NL0015000IB0;;;.06604331675391;;CA87971M1032 GB0002318888 GB0006731235 GB00B17BBQ50 NZMFTE0001S9 US40434L1052 US8168511090;ECB;TR1;Indices;;;;;0;;CALCULATED
NL0015000I89;11-12-2025;;NL0015000I89;NL;ENDMP;Euronext Developed Market;XAMS;19598253604.6661;3583.09;3564.8;3564.79506972;69863757824985.148969;1538;EUR;1;;NL0015000I63;NL0015000I71;;;;ECB;EU Price;Indices;;;;;0;;CALCULATED
NL0015000I71;11-12-2025;;NL0015000I71;NL;ENDMN;Euronext Developed Market NR;XAMS;;5180.45;5154.08;5154.07830211;;;;;NL0015000I89;;;;.05114489044324;CA87971M1032 GB0002318888 GB0006731235 GB00B17BBQ50 NZMFTE0001S9 US40434L1052 US8168511090;ECB;TR1;Indices;;;;;0;;CALCULATED
NL0015000I63;11-12-2025;;NL0015000I63;NL;ENDMG;Euronext Developed Market GR;XAMS;;5803.14;5773.63;5773.62540913;;;;;NL0015000I89;;;.0659634606885;;CA87971M1032 GB0002318888 GB0006731235 GB00B17BBQ50 NZMFTE0001S9 US40434L1052 US8168511090;ECB;TR1;Indices;;;;;0;;CALCULATED
NL0015000IB0;11-12-2025;;NL0015000IB0;NL;ENWP;Euronext World;XAMS;19574556438.9461;3582.66;3564.3;3564.3042911;69769675511803.910069;1500;EUR;1;;NL0015000I97;NL0015000IA2;;;;ECB;EU Price;Indices;;;;;0;;CALCULATED
NL0015000IA2;11-12-2025;;NL0015000IA2;NL;ENWN;Euronext World NR;XAMS;;5178.97;5152.52;5152.51646211;;;;;NL0015000IB0;;;;.05120680699028;CA87971M1032 GB0002318888 GB0006731235 GB00B17BBQ50 NZMFTE0001S9 US40434L1052 US8168511090;ECB;TR1;Indices;;;;;0;;CALCULATED
NL0015000E91;11-12-2025;;NL0015000E91;FR;EWCSP;Euronext World Country selection;XPAR;15461701760.2892;3987.88;3961.64;3961.63831189;61253670060630.512512;1089;EUR;1;;NL0015000E75;NL0015000EB9;;;;ECB;EU Price;Indices;;;;;0;;CALCULATED
NL0015000E75;11-12-2025;;NL0015000E75;FR;EWCSG;Euronext World Country selection GR;XPAR;;6233.99;6193.09;6193.09014712;;;;;NL0015000E91;;;.08141053874253;;CA87971M1032 GB0002318888 GB0006731235 GB00B17BBQ50 US40434L1052 US8168511090;ECB;TR1;Indices;;;;;0;;CALCULATED
NL0015000EG8;11-12-2025;;NL0015000EG8;FR;EVEWN;Euronext ESG World-Select 75 Bund/SV NR;XPAR;;5904.28;5902.56;5902.5595496;;;;;NL0015000ED5;;;;0;;ECB;TR1;Indices;;;;;0;;CALCULATED
NL0015000ED5;11-12-2025;;NL0015000ED5;FR;EVEWP;Euronext ESG World-Select 75 Bund/SV;XPAR;351101.869129661;4344.69;4343.43;4343.42806234;1524985711.11901559;76;EUR;1;;NL0015000EA1;NL0015000EG8;;;;ECB;EU Price;Indices;;;;;0;;CALCULATED
NL0015000EB9;11-12-2025;;NL0015000EB9;FR;EWCSN;Euronext World Country selection NR;XPAR;;5596.15;5559.4;5559.40442641;;;;;NL0015000E91;;;;.06328762098358;CA87971M1032 GB0002318888 GB0006731235 GB00B17BBQ50 US40434L1052 US8168511090;ECB;TR1;Indices;;;;;0;;CALCULATED
NL0015000EA1;11-12-2025;;NL0015000EA1;FR;EVEWG;Euronext ESG World-Select 75 Bund/SV GR;XPAR;;6585.35;6583.43;6583.42598333;;;;;NL0015000ED5;;;0;;;ECB;TR1;Indices;;;;;0;;CALCULATED
NL0015000BX9;11-12-2025;;NL0015000BX9;FR;ETE5P;EN Transatlantic Environment 50;XPAR;387852732.101441;5781.30;5785.64;5785.63506827;2243974368170.6195362;50;EUR;1;;NL0015000BV3;NL0015000BQ3;;;;ECB;EU Price;Indices;;;;;0;;CALCULATED
NL0015000BW1;11-12-2025;;NL0015000BW1;FR;ETE5D;EN Transatlantic Environment 50 D5%;XPAR;;3492.81;3494.95;3494.94920698;;;;;NL0015000BQ3;;;;;;ECB;TR4 Dividend Return;Indices;Percentage;.05;1;365;0;;CALCULATED
NL0015000BV3;11-12-2025;;NL0015000BV3;FR;ETE5G;EN Transatlantic Environment 50 GR;XPAR;;8622.43;8628.9;8628.90134938;;;;;NL0015000BX9;;;0;;;ECB;TR1;Indices;;;;;0;;CALCULATED
NL0015000BQ3;11-12-2025;;NL0015000BQ3;FR;ETEGN;EN Transatlantic Environment 50 NR;XPAR;;7752.73;7758.55;7758.54914381;;;;;NL0015000BX9;;;;0;;ECB;TR1;Indices;;;;;0;;CALCULATED
NL0015000A95;11-12-2025;;NL0015000A95;FR;EUED5;Euronext US ESGL 20 EW Decrement 5%;XPAR;;1655.31;1660.78;1660.77734134;;;;;NL0015000A79;;;;;;ECB;TR4 Dividend Return;Indices;Percentage;.05;1;365;0;;CALCULATED
NL0015000A87;11-12-2025;;NL0015000A87;FR;EUEGR;Euronext US ESGL 20 EW GR;XPAR;;5169.03;5186.82;5186.82024083;;;;;NL0015000A61;;;0;;;WM ;TR1;Indices;;;;;0;;CALCULATED
NL0015000A79;11-12-2025;;NL0015000A79;FR;EUENR;Euronext US ESGL 20 EW NR;XPAR;;4490.11;4505.56;4505.5649071;;;;;NL0015000A61;;;;0;;WM ;TR1;Indices;;;;;0;;CALCULATED
NL0015000A61;11-12-2025;;NL0015000A61;FR;EUEPR;Euronext US ESGL 20 EW;XPAR;1018560.60044703;3200.06;3211.07;3211.0673384;3270666676.28;20;USD;1;;NL0015000A87;NL0015000A79;;;;WM ;EU Price;Indices;;;;;0;;CALCULATED
NL0013941016;11-12-2025;;NL0013941016;FR;WLESG;EN CDP Environment ESG World EW D5%;XPAR;;1793.61;1790.13;1790.12560448;;;;;NL0013940992;;;;;;ECB;TR4 Dividend Return;Indices;Percentage;.05;1;365;0;;CALCULATED
NL0013941008;11-12-2025;;NL0013941008;FR;WESGG;EN CDP Environment ESG World EW GR;XPAR;;5567.34;5557.28;5557.2770103;;;;;NL0013940984;;;0;;;ECB;TR1;Indices;;;;;0;;CALCULATED
NL0013940992;11-12-2025;;NL0013940992;FR;WESGN;EN CDP Environment ESG World EW NR;XPAR;;4865.67;4856.88;4856.87627429;;;;;NL0013940984;;;;0;;ECB;TR1;Indices;;;;;0;;CALCULATED
NL0013940984;11-12-2025;;NL0013940984;FR;WESGP;EN CDP Environment ESG World EW;XPAR;1004762.58633311;3120.61;3114.97;3114.96962312;3129804934.87351902;40;EUR;1;;NL0013941008;NL0013940992;;;;ECB;EU Price;Indices;;;;;0;;CALCULATED
NL0013908809;11-12-2025;;NL0013908809;FR;ESGTL;EN Transatlantic ESG Leaders 60 EW D 5%;XPAR;;1755.96;1761.28;1761.28303246;;;;;NL0013908783;;;;;;ECB;TR4 Dividend Return;Indices;Percentage;.05;1;365;0;;CALCULATED
NL0013908791;11-12-2025;;NL0013908791;FR;ESGTG;EN Transatlantic ESG Leaders 60 EW GR;XPAR;;5578.65;5596.34;5596.33720526;;;;;NL0013908775;;;0;;;ECB;TR1;Indices;;;;;0;;CALCULATED
NL0013908783;11-12-2025;;NL0013908783;FR;ESGTN;EN Transatlantic ESG Leaders 60 EW NR;XPAR;;4763.43;4778.53;4778.52500053;;;;;NL0013908775;;;;0;;ECB;TR1;Indices;;;;;0;;CALCULATED
NL0013908775;11-12-2025;;NL0013908775;FR;ESGTP;EN Transatlantic ESG Leaders 60 EW;XPAR;1017541.79539059;3011.26;3020.81;3020.80763785;3073798027.34741789;60;EUR;1;;NL0013908791;NL0013908783;;;;ECB;EU Price;Indices;;;;;0;;CALCULATED
NL0013352636;11-12-2025;;NL0013352636;NL;WLENV;Euronext CDP Environment World EW D5%;XAMS;;1983.96;1981.53;1981.5328075;;;;;NL0013352610;;;;;;ECB;TR4 Dividend Return;Indices;Percentage;.05;1;365;0;;CALCULATED
NL0013352628;11-12-2025;;NL0013352628;NL;WLENG;Euronext CDP Environment World EW GR;XAMS;;6165.59;6158.9;6158.90371397;;;;;NL0013352602;;;0;;;ECB;TR1;Indices;;;;;0;;CALCULATED
NL0013352610;11-12-2025;;NL0013352610;NL;WLENN;Euronext CDP Environment World EW NR;XAMS;;5381.92;5376.08;5376.07844534;;;;;NL0013352602;;;;0;;ECB;TR1;Indices;;;;;0;;CALCULATED
NL0013352602;11-12-2025;;NL0013352602;NL;WLENP;Euronext CDP Environment World EW;XAMS;1013971.82157554;3445.09;3441.36;3441.35606877;3489438081.74190984;40;EUR;1;;NL0013352628;NL0013352610;;;;ECB;EU Price;Indices;;;;;0;;CALCULATED
NL0013216492;11-12-2025;;NL0013216492;NL;EUS5D;EN Transatlantic 50 EW D5%;XAMS;;1590.18;1597.57;1597.56860332;;;;;NL0013216476;;;;;;ECB;TR4 Dividend Return;Indices;Percentage;.05;1;365;0;;CALCULATED
NL0013216484;11-12-2025;;NL0013216484;NL;EUS5G;EN Transatlantic 50 EW GR;XAMS;;5076.65;5100.94;5100.93935781;;;;;NL0013216468;;;0;;;ECB;TR1;Indices;;;;;0;;CALCULATED
NL0013216476;11-12-2025;;NL0013216476;NL;EUS5N;EN Transatlantic 50 EW NR;XAMS;;4313.65;4334.29;4334.28927883;;;;;NL0013216468;;;;0;;ECB;TR1;Indices;;;;;0;;CALCULATED
NL0013216468;11-12-2025;;NL0013216468;NL;EUS5P;EN Transatlantic 50 EW;XAMS;1007100.48618275;2665.03;2677.78;2677.78187768;2696795430.89897175;51;EUR;1;;NL0013216484;NL0013216476;;;;ECB;EU Price;Indices;;;;;0;;CALCULATED
NL0012939078;11-12-2025;;NL0012939078;NL;ERGSD;EN RM Global Sustainable Decrement;XAMS;;1047.08;1042.04;1042.03712658;;;;;NL0012939060;;;;;;ECB;TR4 Dividend Return;Indices;Percentage;.05;1;365;0;;CALCULATED
NL0012939060;11-12-2025;;NL0012939060;NL;ERGSN;EN RM Global Sustainable NR;XAMS;;2838.20;2824.91;2824.90696988;;;;;NL0012838809;;;;0;;ECB;TR1;Indices;;;;;0;;CALCULATED
NL0012838809;11-12-2025;;NL0012838809;NL;ERGSP;EN RM Global Sustainable;XAMS;1089365.50614729;1239.72;1233.91;1233.91413328;1344183494.33767009;30;EUR;1;;;NL0012939060;;;;ECB;EU Price;Indices;;;;;0;;CALCULATED
NL0012645253;11-12-2025;;NL0012645253;NL;ERGBD;EN Reitsmarket Global Balanced DECR;XAMS;;1104.36;1094.24;1094.23801932;;;;;NL0012645246;;;;;;ECB;TR4 Dividend Return;Indices;Percentage;.0475;1;365;0;;CALCULATED
NL0012645246;11-12-2025;;NL0012645246;NL;ERGBN;Euronext Reitsmarket Global Balanced NR;XAMS;;2848.50;2822.76;2822.76089589;;;;;NL0012645238;;;;0;;ECB;TR1;Indices;;;;;0;;CALCULATED
NL0012645238;11-12-2025;;NL0012645238;NL;ERGBP;Euronext Reitsmarket Global Balanced;XAMS;220743516.837514;1312.39;1300.53;1300.52839747;287083212204.11694309;40;EUR;1;;;NL0012645246;;;;ECB;EU Price;Indices;;;;;0;;CALCULATED
NL0012645220;11-12-2025;;NL0012645220;NL;ERGCD;EN Reitsmarket Global Conviction DECR;XAMS;;1092.20;1082.19;1082.18541169;;;;;NL0012645212;;;;;;ECB;TR4 Dividend Return;Indices;Percentage;.0475;1;365;0;;CALCULATED
NL0012645212;11-12-2025;;NL0012645212;NL;ERGCN;EN Reitsmarket Global Conviction NR;XAMS;;2817.00;2791.55;2791.54580257;;;;;NL0012645204;;;;0;;ECB;TR1;Indices;;;;;0;;CALCULATED
NL0012645204;11-12-2025;;NL0012645204;NL;ERGCP;EN Reitsmarket Global Conviction;XAMS;132386117.106449;1308.94;1297.11;1297.114406;171719939653.83722049;30;EUR;1;;;NL0012645212;;;;ECB;EU Price;Indices;;;;;0;;CALCULATED
NL0012081418;11-12-2025;;NL0012081418;NL;BNEWV;Euronext BeNe 40 EW Volatility Target;XAMS;;3587.08;3603.05;3603.05215897;;;EUR;1;;;;;;;ECB;EOD Indices;Indices;;;;;0;;FIXED
NLIX00009034;11-12-2025;;NLIX00009034;NL;ETS50;EN Transatlantic Sector Focus 30 D50P;XAMS;;910.03;910.86;910.8620215;;;;;NLIX00009018;;;;;;ECB;TR4 Dividend Return;Indices;Points;50;1;365;0;;CALCULATED
NLIX00009026;11-12-2025;;NLIX00009026;NL;ETSD5;EN Transatlantic Sector Focus 30 D5%;XAMS;;6030.42;6036.03;6036.03457638;;;;;NLIX00009000;;;;;;ECB;TR4 Dividend Return;Indices;Percentage;.05;1;365;0;;CALCULATED
NLIX00009018;11-12-2025;;NLIX00009018;NL;ETSG;EN Transatlantic Sector Focus 30 GR;XAMS;;14554.65;14570.2;14570.20497931;;;;;NLIX00008994;;;0;;;ECB;TR1;Indices;;;;;0;;CALCULATED
NLIX00009000;11-12-2025;;NLIX00009000;NL;ETSN;EN Transatlantic Sector Focus 30 NR;XAMS;;13385.80;13400.11;13400.10726512;;;;;NLIX00008994;;;;0;;ECB;TR1;Indices;;;;;0;;CALCULATED
NLIX00008994;11-12-2025;;NLIX00008994;NL;ETSP;EN Transatlantic Sector Focus 30;XAMS;17730808.0679551;10599.88;10611.21;10611.21104116;188145346339.38466588;30;EUR;1;;NLIX00009018;NLIX00009000;;;;ECB;EU Price;Indices;;;;;0;;CALCULATED
NLIX00008945;11-12-2025;;NLIX00008945;NL;EMS50;EN Transat Market Leaders Select D50;XAMS;;936.11;928.23;928.2297544;;;;;NLIX00008929;;;;;;ECB;TR4 Dividend Return;Indices;Points;50;1;365;0;;CALCULATED
NLIX00008937;11-12-2025;;NLIX00008937;NL;EMSD5;EN Transat Market Leaders Select D5%;XAMS;;43394.03;43029.11;43029.10989515;;;;;NLIX00008911;;;;;;ECB;TR4 Dividend Return;Indices;Percentage;.05;1;365;0;;CALCULATED
NLIX00008929;11-12-2025;;NLIX00008929;NL;EMSG;EN Transat Market Leaders Select GR;XAMS;;100778.82;99945.13;99945.13491515;;;;;NLIX00008903;;;0;;;ECB;TR1;Indices;;;;;0;;CALCULATED
NLIX00008911;11-12-2025;;NLIX00008911;NL;EMSN;EN Transat Market Leaders Select NR;XAMS;;96279.07;95482.61;95482.6098357;;;;;NLIX00008903;;;;0;;ECB;TR1;Indices;;;;;0;;CALCULATED
NLIX00008903;11-12-2025;;NLIX00008903;NL;EMLS;EN Transat Market Leaders Select;XAMS;1005330.33141835;84156.60;83460.42;83460.41799676;83905289684.99346091;20;EUR;1;;NLIX00008929;NLIX00008911;;;;ECB;EU Price;Indices;;;;;0;;CALCULATED
NLIX00008838;11-12-2025;;NLIX00008838;NL;EGULS;EN KP UNG Global Equities Long-Short USD;XAMS;1;4193.44;4214.24;4214.23500519;4214.23500519;3;USD;1;;;;;;;WM ;EU Price;Indices;;;;;0;;FIXED
NLIX00008820;11-12-2025;;NLIX00008820;NL;EGSUN;EN KP UNG Global Equities Short USD NR;XAMS;;2335.02;2356.33;2356.32750473;;;;;NLIX00008804;;;;.15638926136837;GB0006731235;WM ;TR1;Indices;;;;;0;;CALCULATED
NLIX00008812;11-12-2025;;NLIX00008812;NL;EGSUG;EN KP UNG Global Equities Short USD GR;XAMS;;2519.81;2542.8;2542.80003502;;;;;NLIX00008804;;;.15638926136837;;GB0006731235;WM ;TR1;Indices;;;;;0;;CALCULATED
NLIX00008804;11-12-2025;;NLIX00008804;NL;EGESU;EN KP UNG Global Equities Short USD;XAMS;980238.673914126;1843.51;1860.17;1860.16880221;1823409399.92994262;133;USD;1;;NLIX00008812;NLIX00008820;;;;WM ;EU Price;Indices;;;;;0;;CALCULATED
NLIX00008796;11-12-2025;;NLIX00008796;NL;EGLUN;EN KP UNG Global Equities Long USD NR;XAMS;;6938.92;7015.81;7015.80755797;;;;;NLIX00008770;;;;0;;WM ;TR1;Indices;;;;;0;;CALCULATED
NLIX00008788;11-12-2025;;NLIX00008788;NL;EGLUG;EN KP UNG Global Equities Long USD GR;XAMS;;7686.91;7772.08;7772.08481195;;;;;NLIX00008770;;;0;;;WM ;TR1;Indices;;;;;0;;CALCULATED
NLIX00008770;11-12-2025;;NLIX00008770;NL;EGELU;EN KP UNG Global Equities Long USD;XAMS;979582.342713943;5164.81;5222.04;5222.03526581;5115413539.41989712;84;USD;1;;NLIX00008788;NLIX00008796;;;;WM ;EU Price;Indices;;;;;0;;CALCULATED
NLIX00008762;11-12-2025;;NLIX00008762;NL;EUMSN;Euronext Developed US Smid Cap NR;XAMS;;7886.42;7882.32;7882.31725934;;;;;NLIX00008747;;;;.20001612905069;US00090Q1031 US0774541066 US40434L1052 US5526901096 US8168511090 US84857L1017;ECB;TR1;Indices;;;;;0;;CALCULATED
NLIX00008754;11-12-2025;;NLIX00008754;NL;EUMSG;Euronext Developed US Smid Cap GR;XAMS;;8530.84;8526.51;8526.51119571;;;;;NLIX00008747;;;.28573732721527;;US00090Q1031 US0774541066 US40434L1052 US5526901096 US8168511090 US84857L1017;ECB;TR1;Indices;;;;;0;;CALCULATED
NLIX00008747;11-12-2025;;NLIX00008747;NL;EUMS;Euronext Developed US Smid Cap;XAMS;2461330530.335;6482.83;6479.25;6479.24976441;15947575258799.459209;1272;EUR;1;;NLIX00008754;NLIX00008762;;;;ECB;EU Price;Indices;;;;;0;;CALCULATED
NLIX00008739;11-12-2025;;NLIX00008739;NL;EUSLN;Euronext Developed World Smid Cap;XAMS;;8223.26;8228.15;8228.15016209;;;;;NLIX00008713;;;;.05905329760413;US00090Q1031 US0774541066 US5526901096 US84857L1017;ECB;TR1;Indices;;;;;0;;CALCULATED
NLIX00008721;11-12-2025;;NLIX00008721;NL;EUSLG;Euronext Developed US Small Cap GR;XAMS;;8858.87;8864.17;8864.16816045;;;;;NLIX00008713;;;.08436185372018;;US00090Q1031 US0774541066 US5526901096 US84857L1017;ECB;TR1;Indices;;;;;0;;CALCULATED
NLIX00008713;11-12-2025;;NLIX00008713;NL;EUSL;Euronext Developed US Small Cap;XAMS;1177684193.46284;6839.83;6843.84;6843.84190402;8059884432926.2762065;1073;EUR;1;;NLIX00008721;NLIX00008739;;;;ECB;EU Price;Indices;;;;;0;;CALCULATED
NLIX00008580;11-12-2025;;NLIX00008580;NL;EWMSN;Euronext Developed World Smid Cap NR;XAMS;;5543.25;5540.35;5540.3505622;;;;;NLIX00008564;;;;.17751219136955;AU000000PMV2 CA4085491039 GB0000055888 GB0002318888 GB0006731235 GB00B17BBQ50 GB00B1GCLT25 GB00B41H7391 GB00BN44P254 GG00B1W3VF54 IL0006420173 NO0010791353 SGXZ69436764 US00090Q1031 US0774541066 US40434L1052 US5526901096 US58463J3041 US8168511090 US84857L1017;ECB;TR1;Indices;;;;;0;;CALCULATED
NLIX00008572;11-12-2025;;NLIX00008572;NL;EWMSG;Euronext Developed World Smid Cap GR;XAMS;;6001.02;5997.93;5997.93222435;;;;;NLIX00008564;;;.21993531511176;;AU000000PMV2 CA4085491039 GB0000055888 GB0002318888 GB0006731235 GB00B17BBQ50 GB00B1GCLT25 GB00B41H7391 GB00BN44P254 GG00B1W3VF54 IL0006420173 NO0010791353 SGXZ69436764 US00090Q1031 US0774541066 US40434L1052 US5526901096 US58463J3041 US8168511090 US84857L1017;ECB;TR1;Indices;;;;;0;;CALCULATED
NLIX00008564;11-12-2025;;NLIX00008564;NL;EWMS;Euronext Developed World Smid Cap;XAMS;5357043695.22657;4309.92;4307.48;4307.48204471;23075369529891.228847;4768;EUR;1;;NLIX00008572;NLIX00008580;;;;ECB;EU Price;Indices;;;;;0;;CALCULATED
NLIX00008556;11-12-2025;;NLIX00008556;NL;EWSLN;Euronext Developed World Small Cap NR;XAMS;;5449.96;5452.39;5452.39011388;;;;;NLIX00008531;;;;.13027551482248;AU000000PMV2 CA4085491039 GB0000055888 GB0002318888 GB00B17BBQ50 GB00B1GCLT25 GB00B41H7391 GB00BN44P254 GG00B1W3VF54 IL0006420173 NO0010791353 US00090Q1031 US0774541066 US5526901096 US58463J3041 US84857L1017;ECB;TR1;Indices;;;;;0;;CALCULATED
NLIX00008549;11-12-2025;;NLIX00008549;NL;EWSLG;Euronext Developed World Small Cap GR;XAMS;;5880.34;5882.99;5882.99263458;;;;;NLIX00008531;;;.14709883705315;;AU000000PMV2 CA4085491039 GB0000055888 GB0002318888 GB00B17BBQ50 GB00B1GCLT25 GB00B41H7391 GB00BN44P254 GG00B1W3VF54 IL0006420173 NO0010791353 US00090Q1031 US0774541066 US5526901096 US58463J3041 US84857L1017;ECB;TR1;Indices;;;;;0;;CALCULATED
NLIX00008531;11-12-2025;;NLIX00008531;NL;EWSL;Euronext Developed World Small Cap;XAMS;2739043531.41934;4275.71;4277.49;4277.49422849;11716242897230.255328;4072;EUR;1;;NLIX00008549;NLIX00008556;;;;ECB;EU Price;Indices;;;;;0;;CALCULATED
NLIX00008523;11-12-2025;;NLIX00008523;NL;EIADG;EN Intelligence Artificielle D 3.75 % GR;XAMS;;24227.30;23844.59;23844.58917202;;;;;NLIX00005644;;;;;;ECB;TR4 Dividend Return;Indices;Percentage;.0375;1;365;0;;CALCULATED
NLIX00008465;11-12-2025;;NLIX00008465;NL;ELU50;Euronext Luxury Decrement 50 Points;XAMS;;875.72;878.88;878.88273743;;;;;NLIX00008432;;;;;;ECB;TR4 Dividend Return;Indices;Points;50;1;365;0;;CALCULATED
NLIX00008457;11-12-2025;;NLIX00008457;NL;ELUD5;Euronext Luxury Decrement 5%;XAMS;;5045.58;5063.91;5063.9114175;;;;;NLIX00008440;;;;;;ECB;TR4 Dividend Return;Indices;Percentage;.05;1;365;0;;CALCULATED
NLIX00008440;11-12-2025;;NLIX00008440;NL;ELUNR;Euronext Luxury NR;XAMS;;11200.91;11243.15;11243.14688896;;;;;NLIX00008424;;;;0;;ECB;TR1;Indices;;;;;0;;CALCULATED
NLIX00008432;11-12-2025;;NLIX00008432;NL;ELUGR;Euronext Luxury GR;XAMS;;11836.79;11881.42;11881.42191245;;;;;NLIX00008424;;;0;;;ECB;TR1;Indices;;;;;0;;CALCULATED
NLIX00008424;11-12-2025;;NLIX00008424;NL;ELUX;Euronext Luxury;XAMS;994526.425153044;9333.66;9368.85;9368.8528925;9317571774.95815167;10;EUR;1;;NLIX00008432;NLIX00008440;;;;ECB;EU Price;Indices;;;;;0;;CALCULATED
NLIX00008408;11-12-2025;;NLIX00008408;NL;EAI50;Euronext AI Beneficiaries D50P;XAMS;;914.20;898.85;898.84798721;;;;;NLIX00008382;;;;;;ECB;TR4 Dividend Return;Indices;Points;50;1;365;0;;CALCULATED
NLIX00008390;11-12-2025;;NLIX00008390;NL;EAID5;Euronext AI Beneficiaries D5%;XAMS;;28153.94;27681.5;27681.49964496;;;;;NLIX00008374;;;;;;ECB;TR4 Dividend Return;Indices;Percentage;.05;1;365;0;;CALCULATED
NLIX00008382;11-12-2025;;NLIX00008382;NL;EAIBG;Euronext AI Beneficiaries GR;XAMS;;65912.65;64815.61;64815.61096851;;;;;NLIX00008366;;;0;;;ECB;TR1;Indices;;;;;0;;CALCULATED
NLIX00008374;11-12-2025;;NLIX00008374;NL;EAIBN;Euronext AI Beneficiaries NR;XAMS;;62480.51;61440.6;61440.59936485;;;;;NLIX00008366;;;;0;;ECB;TR1;Indices;;;;;0;;CALCULATED
NLIX00008366;11-12-2025;;NLIX00008366;NL;EAIB;Euronext AI Beneficiaries;XAMS;989764.614949;51498.16;50641.03;50641.03420919;50122703724.67502867;15;EUR;1;;NLIX00008382;NLIX00008374;;;;ECB;EU Price;Indices;;;;;0;;CALCULATED
NLIX00008200;11-12-2025;;NLIX00008200;NL;EHC50;EN Health Care 10 D50P;XAMS;;893.91;893.47;893.47329596;;;;;NLIX00008184;;;;;;ECB;TR4 Dividend Return;Indices;Points;50;1;365;0;;CALCULATED
NLIX00008192;11-12-2025;;NLIX00008192;NL;EHCF5;EN Health Care 10 D5%;XAMS;;17570.91;17562.52;17562.517287;;;;;NLIX00008176;;;;;;ECB;TR4 Dividend Return;Indices;Percentage;.05;1;365;0;;CALCULATED
NLIX00008184;11-12-2025;;NLIX00008184;NL;EHCFG;EN Health Care 10 GR;XAMS;;41014.47;41000.51;41000.50835662;;;;;NLIX00008168;;;0;;;ECB;TR1;Indices;;;;;0;;CALCULATED
NLIX00008176;11-12-2025;;NLIX00008176;NL;EHCFN;EN Health Care 10 NR;XAMS;;38935.34;38922.08;38922.0848555;;;;;NLIX00008168;;;;0;;ECB;TR1;Indices;;;;;0;;CALCULATED
NLIX00008168;11-12-2025;;NLIX00008168;NL;EHCF;EN Health Care 10;XAMS;1029364.626459;30591.34;30580.92;30580.92320443;31478920591.103024;10;EUR;1;;NLIX00008184;NLIX00008176;;;;ECB;EU Price;Indices;;;;;0;;CALCULATED
NLIX00008044;11-12-2025;;NLIX00008044;NL;EGELS;EN KP UNG Global Equities Long-Short AI;XAMS;1;3933.27;3943.1;3943.10205081;3943.10205081;3;EUR;1;;;;;;;ECB;EU Price;Indices;;;;;0;;FIXED
NLIX00008036;11-12-2025;;NLIX00008036;NL;EGESN;EN KP UNG Global Equities Short NR;XAMS;;2873.85;2871.71;2871.7078335;;;;;NLIX00008010;;;;.19251180425354;GB0006731235;ECB;TR1;Indices;;;;;0;;CALCULATED
NLIX00008028;11-12-2025;;NLIX00008028;NL;EGESG;EN KP UNG Global Equities Short GR;XAMS;;3100.63;3098.32;3098.32183989;;;;;NLIX00008010;;;.19251180425354;;GB0006731235;ECB;TR1;Indices;;;;;0;;CALCULATED
NLIX00008010;11-12-2025;;NLIX00008010;NL;EGES;EN KP UNG Global Equities Short;XAMS;683911.335287901;2269.60;2267.71;2267.71079139;1550913115.38934033;133;EUR;1;;NLIX00008028;NLIX00008036;;;;ECB;EU Price;Indices;;;;;0;;CALCULATED
NLIX00008002;11-12-2025;;NLIX00008002;NL;EGELN;EN KP UNG Global Equities Long NR;XAMS;;8538.39;8548.55;8548.55347513;;;;;NLIX00007988;;;;0;;ECB;TR1;Indices;;;;;0;;CALCULATED
NLIX00007996;11-12-2025;;NLIX00007996;NL;EGELG;EN KP UNG Global Equities Long GR;XAMS;;9439.38;9450.61;9450.61205694;;;;;NLIX00007988;;;0;;;ECB;TR1;Indices;;;;;0;;CALCULATED
NLIX00007988;11-12-2025;;NLIX00007988;NL;EGEL;EN KP UNG Global Equities Long;XAMS;685158.048123699;6342.73;6350.28;6350.28318114;4350947629.42005676;84;EUR;1;;NLIX00007996;NLIX00008002;;;;ECB;EU Price;Indices;;;;;0;;CALCULATED
NLIX00007970;11-12-2025;;NLIX00007970;NL;EWOGN;Euronext World Oil Gas and Coal NR;XAMS;;2554.60;2528.32;2528.32465979;;;;;NLIX00007954;;;;.02192487180158;SGXZ69436764;ECB;TR1;Indices;;;;;0;;CALCULATED
NLIX00007962;11-12-2025;;NLIX00007962;NL;EWOGG;Euronext World Oil Gas and Coal GR;XAMS;;2927.69;2897.58;2897.58382915;;;;;NLIX00007954;;;.02192487180158;;SGXZ69436764;ECB;TR1;Indices;;;;;0;;CALCULATED
NLIX00007954;11-12-2025;;NLIX00007954;NL;EWOG;Euronext World Oil Gas and Coal;XAMS;1493977016.86076;1637.09;1620.23;1620.22728925;2420582332224.9692097;61;EUR;1;;NLIX00007962;NLIX00007970;;;;ECB;EU Price;Indices;;;;;0;;CALCULATED
NLIX00007947;11-12-2025;;NLIX00007947;NL;EUOGN;Euronext US Oil Gas and Coal NR;XAMS;;3042.84;3002.12;3002.11505511;;;;;NLIX00007921;;;;0;;ECB;TR1;Indices;;;;;0;;CALCULATED
NLIX00007939;11-12-2025;;NLIX00007939;NL;EUOGG;Euronext US Oil Gas and Coal GR;XAMS;;3515.34;3468.3;3468.29700466;;;;;NLIX00007921;;;0;;;ECB;TR1;Indices;;;;;0;;CALCULATED
NLIX00007921;11-12-2025;;NLIX00007921;NL;EUOG;Euronext US Oil Gas and Coal;XAMS;646598399.317923;2143.10;2114.42;2114.42219328;1367182005657.7388005;17;EUR;1;;NLIX00007939;NLIX00007947;;;;ECB;EU Price;Indices;;;;;0;;CALCULATED
NLIX00007889;11-12-2025;;NLIX00007889;NL;EWOUN;Euronext World Utilities NR;XAMS;;3676.86;3667.13;3667.12777091;;;;;NLIX00007863;;;;.30705075059721;US8168511090;ECB;TR1;Indices;;;;;0;;CALCULATED
NLIX00007871;11-12-2025;;NLIX00007871;NL;EWOUG;Euronext World Utilities GR;XAMS;;4258.65;4247.62;4247.61928799;;;;;NLIX00007863;;;.43864392942459;;US8168511090;ECB;TR1;Indices;;;;;0;;CALCULATED
NLIX00007863;11-12-2025;;NLIX00007863;NL;EWOU;Euronext World Utilities;XAMS;824670917.713483;2327.98;2321.51;2321.50930406;1914481208258.1532083;77;EUR;1;;NLIX00007871;NLIX00007889;;;;ECB;EU Price;Indices;;;;;0;;CALCULATED
NLIX00007798;11-12-2025;;NLIX00007798;NL;EWBRN;Euronext World Basic Resources NR;XAMS;;2641.58;2681.55;2681.54869195;;;;;NLIX00007772;;;;0;;ECB;TR1;Indices;;;;;0;;CALCULATED
NLIX00007780;11-12-2025;;NLIX00007780;NL;EWBRG;Euronext World Basic Resources GR;XAMS;;2905.69;2949.65;2949.65365196;;;;;NLIX00007772;;;0;;;ECB;TR1;Indices;;;;;0;;CALCULATED
NLIX00007772;11-12-2025;;NLIX00007772;NL;EWBR;Euronext World Basic Resources;XAMS;660704547.641522;1775.85;1802.71;1802.71481721;1191061877832.8454906;53;EUR;1;;NLIX00007780;NLIX00007798;;;;ECB;EU Price;Indices;;;;;0;;CALCULATED
NLIX00007707;11-12-2025;;NLIX00007707;NL;EWAPN;Euronext World Automobiles & Parts NR;XAMS;;6914.44;6827.04;6827.04171764;;;;;NLIX00007681;;;;0;;ECB;TR1;Indices;;;;;0;;CALCULATED
NLIX00007699;11-12-2025;;NLIX00007699;NL;EWAPG;Euronext World Automobiles & Parts GR;XAMS;;7566.35;7470.71;7470.71496502;;;;;NLIX00007681;;;0;;;ECB;TR1;Indices;;;;;0;;CALCULATED
NLIX00007681;11-12-2025;;NLIX00007681;NL;EWAP;Euronext World Automobiles & Parts;XAMS;352946319.553903;5092.84;5028.46;5028.46463267;1774778085106.5929226;29;EUR;1;;NLIX00007699;NLIX00007707;;;;ECB;EU Price;Indices;;;;;0;;CALCULATED
NLIX00007640;11-12-2025;;NLIX00007640;NL;EWHCN;EN World Health Care NR;XAMS;;7094.86;7042.59;7042.59398689;;;;;NLIX00007624;;;;0;;ECB;TR1;Indices;;;;;0;;CALCULATED
NLIX00007632;11-12-2025;;NLIX00007632;NL;EWHCG;Euronext World Health Care GR;XAMS;;7340.87;7286.8;7286.79748912;;;;;NLIX00007624;;;0;;;ECB;TR1;Indices;;;;;0;;CALCULATED
NLIX00007624;11-12-2025;;NLIX00007624;NL;EWHC;Euronext World Health Care;XAMS;345088932.295998;6413.97;6366.72;6366.72087426;2197084908724.6286700;59;EUR;1;;NLIX00007632;NLIX00007640;;;;ECB;EU Price;Indices;;;;;0;;CALCULATED
NLIX00007582;11-12-2025;;NLIX00007582;NL;ELED5;EN Electrification D5;XAMS;;6208.71;6297.08;6297.0757224;;;;;NLIX00007566;;;;;;ECB;TR4 Dividend Return;Indices;Percentage;.05;1;360;0;;CALCULATED
NLIX00007574;11-12-2025;;NLIX00007574;NL;ELE50;EN Electrification D50P;XAMS;;1013.78;1028.21;1028.21278669;;;;;NLIX00007558;;;;;;ECB;TR4 Dividend Return;Indices;Points;50;1;360;0;;CALCULATED
NLIX00007566;11-12-2025;;NLIX00007566;NL;ELECN;EN Electrification NR;XAMS;;13936.31;14136.6;14136.59651836;;;;;NLIX00007541;;;;0;;ECB;TR1;Indices;;;;;0;;CALCULATED
NLIX00007558;11-12-2025;;NLIX00007558;NL;ELECG;EN Electrification GR;XAMS;;14461.13;14668.97;14668.96520277;;;;;NLIX00007541;;;0;;;ECB;TR1;Indices;;;;;0;;CALCULATED
NLIX00007541;11-12-2025;;NLIX00007541;NL;ELECP;EN Electrification;XAMS;962997.138908817;11608.01;11774.84;11774.83720909;11339134543.46888099;10;EUR;1;;NLIX00007558;NLIX00007566;;;;ECB;EU Price;Indices;;;;;0;;CALCULATED
NLIX00007368;11-12-2025;;NLIX00007368;NL;ELTD5;Euronext Luxury Transatlantic FB D5%;XAMS;;16196.67;16223.71;16223.70601716;;;;;NLIX00007335;;;;;;ECB;TR4 Dividend Return;Indices;Percentage;.05;1;360;0;;CALCULATED
NLIX00007350;11-12-2025;;NLIX00007350;NL;ELTF5;Euronext Luxury Transatlantic FB D50P;XAMS;;980.93;982.56;982.5611883;;;;;NLIX00007343;;;;;;ECB;TR4 Dividend Return;Indices;Points;50;1;360;0;;CALCULATED
NLIX00007343;11-12-2025;;NLIX00007343;NL;ELTFG;Euronext Luxury Transatlantic FB GR;XAMS;;36368.74;36434.51;36434.50536475;;;;;NLIX00007327;;;0;;;ECB;TR1;Indices;;;;;0;;CALCULATED
NLIX00007335;11-12-2025;;NLIX00007335;NL;ELTFN;Euronext Luxury Transatlantic FB NR;XAMS;;34448.13;34510.43;34510.42506191;;;;;NLIX00007327;;;;0;;ECB;TR1;Indices;;;;;0;;CALCULATED
NLIX00007327;11-12-2025;;NLIX00007327;NL;ELTFP;Euronext Luxury Transatlantic FB;XAMS;992561.565420452;29968.07;30022.27;30022.26515597;29798946500.67758199;10;EUR;1;;NLIX00007343;NLIX00007335;;;;ECB;EU Price;Indices;;;;;0;;CALCULATED
NLIX00007129;11-12-2025;;NLIX00007129;NL;ETSE5;Euronext Transatlantic Selection FB D50P;XAMS;;1097.06;1094.75;1094.7549724;;;;;NLIX00007111;;;;;;ECB;TR4 Dividend Return;Indices;Points;50;1;360;0;;CALCULATED
NLIX00007111;11-12-2025;;NLIX00007111;NL;ETSEG;Euronext Transatlantic Selection FB GR;XAMS;;56359.49;56248.23;56248.23356518;;;;;NLIX00007095;;;0;;;ECB;TR1;Indices;;;;;0;;CALCULATED
NLIX00007103;11-12-2025;;NLIX00007103;NL;ETSEN;Euronext Transatlantic Selection FB NR;XAMS;;52717.03;52612.96;52612.96258658;;;;;NLIX00007095;;;;0;;ECB;TR1;Indices;;;;;0;;CALCULATED
NLIX00007095;11-12-2025;;NLIX00007095;NL;ETSEP;Euronext Transatlantic Selection FB PR;XAMS;1016817.13972261;43851.41;43764.85;43764.84540569;44500844925.81558656;10;EUR;1;;NLIX00007111;NLIX00007103;;;;ECB;EU Price;Indices;;;;;0;;CALCULATED
NLIX00006949;11-12-2025;;NLIX00006949;NL;ETD50;EN Multi Sector Transatlantic Top40 D50P;XAMS;;1011.22;1016.56;1016.5560242;;;;;NLIX00006923;;;;;;ECB;TR4 Dividend Return;Indices;Points;50;1;365;0;;CALCULATED
NLIX00006931;11-12-2025;;NLIX00006931;NL;EMTD5;EN Multi Sector Transatlantic Top40 D5%;XAMS;;2429.13;2441.94;2441.94322253;;;;;NLIX00006915;;;;;;ECB;TR4 Dividend Return;Indices;Percentage;.05;1;365;0;;CALCULATED
NLIX00006923;11-12-2025;;NLIX00006923;NL;EMSTG;EN Multi Sector Transatlantic Top40 GR;XAMS;;4347.98;4371.51;4371.50753182;;;;;NLIX00006907;;;0;;;ECB;TR1;Indices;;;;;0;;CALCULATED
NLIX00006915;11-12-2025;;NLIX00006915;NL;EMSTN;EN Multi Sector Transatlantic Top40 NR;XAMS;;4102.75;4124.95;4124.94755838;;;;;NLIX00006907;;;;0;;ECB;TR1;Indices;;;;;0;;CALCULATED
NLIX00006907;11-12-2025;;NLIX00006907;NL;EMSTP;EN Multi Sector Transatlantic Top40;XAMS;89614551.4406606;3482.51;3501.35;3501.35299413;313772178004.7966631;40;EUR;1;;NLIX00006923;NLIX00006915;;;;ECB;EU Price;Indices;;;;;0;;CALCULATED
NLIX00006790;11-12-2025;;NLIX00006790;NL;EG60G;EN iCubed Good Health & Wellbeing 60 GR;XAMS;;7684.74;7672.97;7672.97498509;;;;;NLIX00006774;;;0;;;ECB;TR1;Indices;;;;;0;;CALCULATED
NLIX00006782;11-12-2025;;NLIX00006782;NL;EG60N;EN iCubed Good Health & Wellbeing 60 NR;XAMS;;6958.94;6948.29;6948.29146958;;;;;NLIX00006774;;;;0;;ECB;TR1;Indices;;;;;0;;CALCULATED
NLIX00006774;11-12-2025;;NLIX00006774;NL;EG60;EN iCubed Good Health & Wellbeing 60;XAMS;176952643.204999;5275.31;5267.24;5267.23802621;932051691127.41552349;61;EUR;1;;NLIX00006790;NLIX00006782;;;;ECB;EU Price;Indices;;;;;0;;CALCULATED
NLIX00006766;11-12-2025;;NLIX00006766;NL;EGHWG;EN iCubed Good Health & Wellbeing GR;XAMS;;7637.01;7620.17;7620.1689119;;;;;NLIX00006741;;;.01006960083638;;US58463J3041;ECB;TR1;Indices;;;;;0;;CALCULATED
NLIX00006758;11-12-2025;;NLIX00006758;NL;EGHWN;EN iCubed Good Health & Wellbeing NR;XAMS;;6984.63;6969.22;6969.2219992;;;;;NLIX00006741;;;;.00704872058547;US58463J3041;ECB;TR1;Indices;;;;;0;;CALCULATED
NLIX00006741;11-12-2025;;NLIX00006741;NL;EGHW;EN iCubed Good Health & Wellbeing;XAMS;199962910.446713;5420.69;5408.73;5408.72760061;1081544912832.2761871;592;EUR;1;;NLIX00006766;NLIX00006758;;;;ECB;EU Price;Indices;;;;;0;;CALCULATED
NLIX00006576;11-12-2025;;NLIX00006576;NL;ETP50;EN Transatlantic Pharma Fixed BasketD50P;XAMS;;963.92;967.32;967.32277461;;;;;NLIX00006550;;;;;;ECB;TR4 Dividend Return;Indices;Points;50;1;360;0;;CALCULATED
NLIX00006568;11-12-2025;;NLIX00006568;NL;ETPD5;EN Transatlantic Pharma Fixed Basket D5%;XAMS;;3213.96;3225.32;3225.32110508;;;;;NLIX00006543;;;;;;ECB;TR4 Dividend Return;Indices;Percentage;.05;1;360;0;;CALCULATED
NLIX00006550;11-12-2025;;NLIX00006550;NL;ETPFG;EN Transatlantic Pharma Fixed Basket GR;XAMS;;8099.98;8129.73;8129.73111899;;;;;NLIX00006535;;;0;;;ECB;TR1;Indices;;;;;0;;CALCULATED
NLIX00006543;11-12-2025;;NLIX00006543;NL;ETPFN;EN Transatlantic Pharma Fixed Basket NR;XAMS;;7213.70;7240.19;7240.18815862;;;;;NLIX00006535;;;;0;;ECB;TR1;Indices;;;;;0;;CALCULATED
NLIX00006535;11-12-2025;;NLIX00006535;NL;ETPFB;EN Transatlantic Pharma Fixed Basket;XAMS;1016757.80100329;4682.43;4699.63;4699.6298495;4778385311.31051418;10;EUR;1;;NLIX00006550;NLIX00006543;;;;ECB;EU Price;Indices;;;;;0;;CALCULATED
NLIX00006527;11-12-2025;;NLIX00006527;NL;ETM50;EN Transatlantic Market Leaders D 50 P;XAMS;;935.78;931.23;931.23225059;;;;;NLIX00006501;;;;;;ECB;TR4 Dividend Return;Indices;Points;50;1;365;0;;CALCULATED
NLIX00006519;11-12-2025;;NLIX00006519;NL;ETMD5;EN Transatlantic Market Leaders D 5 %;XAMS;;6353.91;6323.07;6323.06573601;;;;;NLIX00006493;;;;;;ECB;TR4 Dividend Return;Indices;Percentage;.05;1;365;0;;CALCULATED
NLIX00006501;11-12-2025;;NLIX00006501;NL;ETMLG;EN Transatlantic Market Leaders GR;XAMS;;15092.66;15021.46;15021.46323849;;;;;NLIX00006485;;;0;;;ECB;TR1;Indices;;;;;0;;CALCULATED
NLIX00006493;11-12-2025;;NLIX00006493;NL;ETMLN;EN Transatlantic Market Leaders NR;XAMS;;14103.02;14036.49;14036.48959924;;;;;NLIX00006485;;;;0;;ECB;TR1;Indices;;;;;0;;CALCULATED
NLIX00006485;11-12-2025;;NLIX00006485;NL;ETML;EN Transatlantic Market Leaders;XAMS;251616682.280611;11657.65;11602.66;11602.65566241;2919421723421.1150120;30;EUR;1;;NLIX00006501;NLIX00006493;;;;ECB;EU Price;Indices;;;;;0;;CALCULATED
NLIX00005966;11-12-2025;;NLIX00005966;NL;ESED5;Euronext Silver Economy Decrement 5 %;XAMS;;5139.87;5125.59;5125.59061861;;;;;NLIX00005933;;;;;;ECB;TR4 Dividend Return;Indices;Percentage;.05;1;365;0;;CALCULATED
NLIX00005958;11-12-2025;;NLIX00005958;NL;ESD5P;Euronext Silver Economy Decrement 50 P;XAMS;;8761.16;8737.87;8737.87398132;;;;;NLIX00005941;;;;;;ECB;TR4 Dividend Return;Indices;Points;50;1;365;0;;CALCULATED
NLIX00005941;11-12-2025;;NLIX00005941;NL;ESECG;Euronext Silver Economy GR;XAMS;;12440.86;12407.99;12407.99032724;;;;;NLIX00005925;;;0;;;ECB;TR1;Indices;;;;;0;;CALCULATED
NLIX00005933;11-12-2025;;NLIX00005933;NL;ESECN;Euronext Silver Economy NR;XAMS;;11409.39;11379.25;11379.24922245;;;;;NLIX00005925;;;;0;;ECB;TR1;Indices;;;;;0;;CALCULATED
NLIX00005925;11-12-2025;;NLIX00005925;NL;ESECP;Euronext Silver Economy;XAMS;120745840.443258;8983.66;8959.93;8959.92999221;1081874277222.5937125;25;EUR;1;;NLIX00005941;NLIX00005933;;;;ECB;EU Price;Indices;;;;;0;;CALCULATED
NLIX00005701;11-12-2025;;NLIX00005701;FR;TTI50;EN Transatlantic Sector Titans D50P;XPAR;;1097.71;1096.19;1096.18745024;;;;;NLIX00005503;;;;;;ECB;TR4 Dividend Return;Indices;Points;50;1;365;0;;CALCULATED
NLIX00005651;11-12-2025;;NLIX00005651;NL;EIAD3;EN Intelligence Artificielle D 3.75 %;XAMS;;23272.83;22905.19;22905.19062459;;;;;NLIX00005636;;;;;;ECB;TR4 Dividend Return;Indices;Percentage;.0375;1;365;0;;CALCULATED
NLIX00005644;11-12-2025;;NLIX00005644;NL;EIAGR;EN Intelligence Artificielle GR;XAMS;;44049.50;43358.19;43358.18622412;;;;;NLIX00005628;;;0;;;ECB;TR1;Indices;;;;;0;;CALCULATED
NLIX00005636;11-12-2025;;NLIX00005636;NL;EIANR;EN Intelligence Artificielle NR;XAMS;;42314.32;41650.24;41650.236772;;;;;NLIX00005628;;;;0;;ECB;TR1;Indices;;;;;0;;CALCULATED
NLIX00005628;11-12-2025;;NLIX00005628;NL;EIAPR;EN Intelligence Artificielle PR;XAMS;1015270.39681239;37780.48;37187.55;37187.55334023;37755422036.2162428;20;EUR;1;;NLIX00005644;NLIX00005636;;;;ECB;EU Price;Indices;;;;;0;;CALCULATED
NLIX00005511;11-12-2025;;NLIX00005511;FR;TTID5;EN Transatlantic Sector Titans D5%;XPAR;;3569.83;3564.84;3564.83846867;;;;;NLIX00005495;;;;;;ECB;TR4 Dividend Return;Indices;Percentage;.05;1;365;0;;CALCULATED
NLIX00005503;11-12-2025;;NLIX00005503;FR;TTITG;Euronext Transatlantic Sector Titans GR;XPAR;;8724.48;8713.48;8713.47774965;;;;;NLIX00005487;;;0;;;ECB;TR1;Indices;;;;;0;;CALCULATED
NLIX00005495;11-12-2025;;NLIX00005495;FR;TTITN;Euronext Transatlantic Sector Titans NR;XPAR;;7922.64;7912.65;7912.65115942;;;;;NLIX00005487;;;;0;;ECB;TR1;Indices;;;;;0;;CALCULATED
NLIX00005487;11-12-2025;;NLIX00005487;FR;TTIT;Euronext Transatlantic Sector Titans PR;XPAR;813938974.338217;5746.58;5739.33;5739.32989982;4671464292049.3050638;40;EUR;1;;NLIX00005503;NLIX00005495;;;;ECB;EU Price;Indices;;;;;0;;CALCULATED
NLIX00005461;11-12-2025;;NLIX00005461;NL;UML1D;Euronext US Market Leaders 100 D50P;XAMS;;1026.40;1013.7;1013.69677375;;;;;NLIX00005453;;;;;;ECB;TR4 Dividend Return;Indices;Points;50;1;365;0;;CALCULATED
NLIX00005453;11-12-2025;;NLIX00005453;NL;UML1G;Euronext US Market Leaders 100 GR;XAMS;;20327.48;20078.67;20078.67229934;;;;;NLIX00005438;;;0;;;ECB;TR1;Indices;;;;;0;;CALCULATED
NLIX00005446;11-12-2025;;NLIX00005446;NL;UML1N;Euronext US Market Leaders 100 NR;XAMS;;19222.88;18987.6;18987.59876295;;;;;NLIX00005438;;;;0;;ECB;TR1;Indices;;;;;0;;CALCULATED
NLIX00005438;11-12-2025;;NLIX00005438;NL;UML1P;Euronext US Market Leaders 100;XAMS;508447879.686537;16795.74;16590.17;16590.16769803;8435235589705.5788272;100;EUR;1;;NLIX00005453;NLIX00005446;;;;ECB;EU Price;Indices;;;;;0;;CALCULATED
NLIX00005362;11-12-2025;;NLIX00005362;NL;GIC50;EN Global Industry Champions 30 D50P;XAMS;;882.84;882.8;882.79830461;;;;;NLIX00005347;;;;;;ECB;TR4 Dividend Return;Indices;Points;50;1;365;0;;CALCULATED
NLIX00005354;11-12-2025;;NLIX00005354;NL;GICD5;EN Global Industry Champions 30 D5%;XAMS;;2556.19;2556.1;2556.09767154;;;;;NLIX00005339;;;;;;ECB;TR4 Dividend Return;Indices;Percentage;.05;1;365;0;;CALCULATED
NLIX00005347;11-12-2025;;NLIX00005347;NL;GICG;EN Global Industry Champions 30 GR;XAMS;;7854.99;7855.79;7855.79241139;;;;;NLIX00005321;;;0;;;ECB;TR1;Indices;;;;;0;;CALCULATED
NLIX00005339;11-12-2025;;NLIX00005339;NL;GICN;EN Global Industry Champions 30 NR;XAMS;;6962.29;6963.01;6963.00942832;;;;;NLIX00005321;;;;0;;ECB;TR1;Indices;;;;;0;;CALCULATED
NLIX00005321;11-12-2025;;NLIX00005321;NL;GICP;EN Global Industry Champions 30;XAMS;698451947.458023;4836.97;4837.47;4837.46623468;3378737712377.9457568;30;EUR;1;;NLIX00005347;NLIX00005339;;;;ECB;EU Price;Indices;;;;;0;;CALCULATED
NLIX00005222;11-12-2025;;NLIX00005222;NL;UUTIG;Euronext US Utilities GR;XAMS;;5987.02;5979.23;5979.22938297;;;;;NLIX00005206;;;1.07627961952104;;US8168511090;ECB;TR1;Indices;;;;;0;;CALCULATED
NLIX00005214;11-12-2025;;NLIX00005214;NL;UUTIN;Euronext US Utilities NR;XAMS;;5100.53;5093.43;5093.43062176;;;;;NLIX00005206;;;;.75339573366473;US8168511090;ECB;TR1;Indices;;;;;0;;CALCULATED
NLIX00005206;11-12-2025;;NLIX00005206;NL;UUTI;Euronext US Utilities PR;XAMS;336099360.488678;3503.69;3498.06;3498.05572866;1175694293355.2871888;29;EUR;1;;NLIX00005222;NLIX00005214;;;;ECB;EU Price;Indices;;;;;0;;CALCULATED
NLIX00005198;11-12-2025;;NLIX00005198;NL;UBMAG;Euronext US Basic Mat GR;XAMS;;4692.99;4783.58;4783.5806454;;;;;NLIX00005172;;;0;;;ECB;TR1;Indices;;;;;0;;CALCULATED
NLIX00005180;11-12-2025;;NLIX00005180;NL;UBMAN;Euronext US Basic Mat NR;XAMS;;4224.44;4305.99;4305.98512814;;;;;NLIX00005172;;;;0;;ECB;TR1;Indices;;;;;0;;CALCULATED
NLIX00005172;11-12-2025;;NLIX00005172;NL;UBMA;Euronext US Basic Mat PR;XAMS;148045406.483246;3205.82;3267.7;3267.70484057;483768691389.87427331;10;EUR;1;;NLIX00005198;NLIX00005180;;;;ECB;EU Price;Indices;;;;;0;;CALCULATED
NLIX00005164;11-12-2025;;NLIX00005164;NL;UHECG;Euronext US Health Care GR;XAMS;;7805.07;7800.61;7800.61161722;;;;;NLIX00005149;;;0;;;ECB;TR1;Indices;;;;;0;;CALCULATED
NLIX00005156;11-12-2025;;NLIX00005156;NL;UHECN;Euronext US Health Care NR;XAMS;;7191.77;7187.66;7187.6610538;;;;;NLIX00005149;;;;0;;ECB;TR1;Indices;;;;;0;;CALCULATED
NLIX00005149;11-12-2025;;NLIX00005149;NL;UHEC;Euronext US Health Care PR;XAMS;754578709.375571;5915.36;5911.98;5911.98293568;4461056453457.3526713;44;EUR;1;;NLIX00005164;NLIX00005156;;;;ECB;EU Price;Indices;;;;;0;;CALCULATED
NLIX00005131;11-12-2025;;NLIX00005131;NL;UTELG;Euronext US Telecom GR;XAMS;;6620.87;6549.83;6549.83026857;;;;;NLIX00005115;;;0;;;ECB;TR1;Indices;;;;;0;;CALCULATED
NLIX00005123;11-12-2025;;NLIX00005123;NL;UTELN;Euronext US Telecom NR;XAMS;;5715.64;5654.31;5654.31454964;;;;;NLIX00005115;;;;0;;ECB;TR1;Indices;;;;;0;;CALCULATED
NLIX00005115;11-12-2025;;NLIX00005115;NL;UTEL;Euronext US Telecom PR;XAMS;210313224.903589;4053.41;4009.92;4009.91863671;843338920088.16795862;8;EUR;1;;NLIX00005131;NLIX00005123;;;;ECB;EU Price;Indices;;;;;0;;CALCULATED
NLIX00005107;11-12-2025;;NLIX00005107;NL;UINDG;Euronext US Industrials GR;XAMS;;9583.88;9655.98;9655.97517818;;;;;NLIX00005081;;;0;;;ECB;TR1;Indices;;;;;0;;CALCULATED
NLIX00005099;11-12-2025;;NLIX00005099;NL;UINDN;Euronext US Industrials NR;XAMS;;8841.74;8908.25;8908.25426968;;;;;NLIX00005081;;;;0;;ECB;TR1;Indices;;;;;0;;CALCULATED
NLIX00005081;11-12-2025;;NLIX00005081;NL;UIND;Euronext US Industrials PR;XAMS;770322637.349488;7277.04;7331.79;7331.78537247;5647840244599.5553766;89;EUR;1;;NLIX00005107;NLIX00005099;;;;ECB;EU Price;Indices;;;;;0;;CALCULATED
NLIX00005073;11-12-2025;;NLIX00005073;NL;UFING;Euronext US Financials GR;XAMS;;7874.73;7897.99;7897.99368476;;;;;NLIX00005057;;;0;;;ECB;TR1;Indices;;;;;0;;CALCULATED
NLIX00005065;11-12-2025;;NLIX00005065;NL;UFINN;Euronext US Financials NR;XAMS;;7187.00;7208.24;7208.23796796;;;;;NLIX00005057;;;;0;;ECB;TR1;Indices;;;;;0;;CALCULATED
NLIX00005057;11-12-2025;;NLIX00005057;NL;UFIN;Euronext US Financials PR;XAMS;888401363.255077;5775.82;5792.88;5792.88094265;5146403326624.3468933;62;EUR;1;;NLIX00005073;NLIX00005065;;;;ECB;EU Price;Indices;;;;;0;;CALCULATED
NLIX00005040;11-12-2025;;NLIX00005040;NL;UCDIG;Euronext US Consumer Discretionary GR;XAMS;;12758.55;12697.38;12697.38122279;;;;;NLIX00005024;;;0;;;ECB;TR1;Indices;;;;;0;;CALCULATED
NLIX00005032;11-12-2025;;NLIX00005032;NL;UCDIN;Euronext US Consumer Discretionary NR;XAMS;;12029.46;11971.78;11971.78433092;;;;;NLIX00005024;;;;0;;ECB;TR1;Indices;;;;;0;;CALCULATED
NLIX00005024;11-12-2025;;NLIX00005024;NL;UCDI;Euronext US Consumer Discretionary PR;XAMS;629547546.832914;10454.98;10404.85;10404.85303473;6550349703173.6916319;63;EUR;1;;NLIX00005040;NLIX00005032;;;;ECB;EU Price;Indices;;;;;0;;CALCULATED
NLIX00005016;11-12-2025;;NLIX00005016;NL;UCSTG;Euronext US Consumer Staples GR;XAMS;;5084.71;5046.67;5046.66640099;;;;;NLIX00004993;;;0;;;ECB;TR1;Indices;;;;;0;;CALCULATED
NLIX00005008;11-12-2025;;NLIX00005008;NL;UCSTN;Euronext US Consumer Staples NR;XAMS;;4408.91;4375.93;4375.9298984;;;;;NLIX00004993;;;;0;;ECB;TR1;Indices;;;;;0;;CALCULATED
NLIX00004993;11-12-2025;;NLIX00004993;NL;UCST;Euronext US Consumer Staples PR;XAMS;558261871.270245;3155.50;3131.89;3131.89276848;1748416317551.1573614;28;EUR;1;;NLIX00005016;NLIX00005008;;;;ECB;EU Price;Indices;;;;;0;;CALCULATED
NLIX00004985;11-12-2025;;NLIX00004985;NL;UENRG;Euronext US Energy GR;XAMS;;3062.28;3020.74;3020.74147745;;;;;NLIX00004969;;;0;;;ECB;TR1;Indices;;;;;0;;CALCULATED
NLIX00004977;11-12-2025;;NLIX00004977;NL;UENRN;Euronext US Energy NR;XAMS;;2628.92;2593.26;2593.2584573;;;;;NLIX00004969;;;;0;;ECB;TR1;Indices;;;;;0;;CALCULATED
NLIX00004969;11-12-2025;;NLIX00004969;NL;UENR;Euronext US Energy PR;XAMS;806726807.478681;1835.72;1810.82;1810.81912509;1460836331702.3081672;26;EUR;1;;NLIX00004985;NLIX00004977;;;;ECB;EU Price;Indices;;;;;0;;CALCULATED
NLIX00004951;11-12-2025;;NLIX00004951;NL;UTECG;Euronext US Technology GR;XAMS;;25715.04;25290.52;25290.52422365;;;;;NLIX00004936;;;.24962151696365;;US40434L1052;ECB;TR1;Indices;;;;;0;;CALCULATED
NLIX00004944;11-12-2025;;NLIX00004944;NL;UTECN;Euronext US Technology NR;XAMS;;24306.89;23905.53;23905.52819016;;;;;NLIX00004936;;;;.17473506187455;US40434L1052;ECB;TR1;Indices;;;;;0;;CALCULATED
NLIX00004936;11-12-2025;;NLIX00004936;NL;UTEC;Euronext US Technology PR;XAMS;970290929.211143;21297.42;20945.58;20945.57789402;20323304237651.815213;82;EUR;1;;NLIX00004951;NLIX00004944;;;;ECB;EU Price;Indices;;;;;0;;CALCULATED
NLIX00004910;11-12-2025;;NLIX00004910;NL;DWREN;EN Developed World Real Estate TM NR;XAMS;;2701.113;2715.482;2715.48202567;;;;;NLIX00004894;;;;.07036764870046;GG00B1W3VF54 US58463J3041;WM ;TR1;Indices;;;;;0;;CALCULATED
NLIX00004902;11-12-2025;;NLIX00004902;NL;DWREG;EN Developed World Real Estate TM GR;XAMS;;3102.116;3118.638;3118.6378302;;;;;NLIX00004894;;;.08137176274707;;GG00B1W3VF54 US58463J3041;WM ;TR1;Indices;;;;;0;;CALCULATED
NLIX00004894;11-12-2025;;NLIX00004894;NL;DWREP;EN Developed World Real Estate TM;XAMS;1253644313.53197;1760.727;1770.023;1770.02296925;2218979230221.0541169;396;USD;1;;NLIX00004902;NLIX00004910;;;;WM ;EU Price;Indices;;;;;0;;CALCULATED
NLIX00004829;11-12-2025;;NLIX00004829;NL;EUREN;Euronext USA Real Estate Total Market NR;XAMS;;3388.110;3403.338;3403.3375695;;;;;NLIX00004803;;;;0;;WM ;TR1;Indices;;;;;0;;CALCULATED
NLIX00004811;11-12-2025;;NLIX00004811;NL;EUREG;Euronext USA Real Estate Total Market GR;XAMS;;4002.853;4020.843;4020.84269645;;;;;NLIX00004803;;;0;;;WM ;TR1;Indices;;;;;0;;CALCULATED
NLIX00004803;11-12-2025;;NLIX00004803;NL;EUREP;Euronext USA Real Estate Total Market;XAMS;617464080.674497;2295.773;2306.091;2306.09073846;1423928197774.634;92;USD;1;;NLIX00004811;NLIX00004829;;;;WM ;EU Price;Indices;;;;;0;;CALCULATED
NLIX00003979;11-12-2025;;NLIX00003979;NL;TUTIG;Euronext Transatlantic Utilities GR;XAMS;;4415.25;4404.62;4404.62228546;;;;;NLIX00003953;;;.50546969588935;;US8168511090;ECB;TR1;Indices;;;;;0;;CALCULATED
NLIX00003961;11-12-2025;;NLIX00003961;NL;TUTIN;Euronext Transatlantic Utilities NR;XAMS;;3786.00;3776.64;3776.64454236;;;;;NLIX00003953;;;;.35382878712255;US8168511090;ECB;TR1;Indices;;;;;0;;CALCULATED
NLIX00003953;11-12-2025;;NLIX00003953;NL;TUTI;Euronext Transatlantic Utilities PR;XAMS;715645061.948887;2353.88;2347.7;2347.70378285;1680122619114.2019792;55;EUR;1;;NLIX00003979;NLIX00003961;;;;ECB;EU Price;Indices;;;;;0;;CALCULATED
NLIX00003946;11-12-2025;;NLIX00003946;NL;TBMAG;Euronext Transatlantic Basic Mat GR;XAMS;;3500.35;3544.24;3544.23659571;;;;;NLIX00003920;;;0;;;ECB;TR1;Indices;;;;;0;;CALCULATED
NLIX00003938;11-12-2025;;NLIX00003938;NL;TBMAN;Euronext Transatlantic Basic Mat NR;XAMS;;3208.40;3248.63;3248.62649869;;;;;NLIX00003920;;;;0;;ECB;TR1;Indices;;;;;0;;CALCULATED
NLIX00003920;11-12-2025;;NLIX00003920;NL;TBMA;Euronext Transatlantic Basic Mat PR;XAMS;450544735.86601;2252.35;2280.59;2280.58818783;1027507002702.9902772;38;EUR;1;;NLIX00003946;NLIX00003938;;;;ECB;EU Price;Indices;;;;;0;;CALCULATED
NLIX00003912;11-12-2025;;NLIX00003912;NL;THECG;Euronext Transatlantic Health Care GR;XAMS;;6769.15;6771.73;6771.73189117;;;;;NLIX00003896;;;0;;;ECB;TR1;Indices;;;;;0;;CALCULATED
NLIX00003904;11-12-2025;;NLIX00003904;NL;THECN;Euronext Transatlantic Health Care NR;XAMS;;6196.95;6199.32;6199.3151627;;;;;NLIX00003896;;;;0;;ECB;TR1;Indices;;;;;0;;CALCULATED
NLIX00003896;11-12-2025;;NLIX00003896;NL;THEC;Euronext Transatlantic Health Care PR;XAMS;1256649173.32813;4847.09;4848.94;4848.94090676;6093417582002.8610733;86;EUR;1;;NLIX00003912;NLIX00003904;;;;ECB;EU Price;Indices;;;;;0;;CALCULATED
NLIX00003888;11-12-2025;;NLIX00003888;NL;TTELG;Euronext Transatlantic Telecom GR;XAMS;;4108.29;4075.81;4075.81033138;;;;;NLIX00003862;;;0;;;ECB;TR1;Indices;;;;;0;;CALCULATED
NLIX00003870;11-12-2025;;NLIX00003870;NL;TTELN;Euronext Transatlantic Telecom NR;XAMS;;3561.72;3533.56;3533.56263918;;;;;NLIX00003862;;;;0;;ECB;TR1;Indices;;;;;0;;CALCULATED
NLIX00003862;11-12-2025;;NLIX00003862;NL;TTEL;Euronext Transatlantic Telecom PR;XAMS;515980992.060178;2336.20;2317.73;2317.729125;1195904173242.3518113;25;EUR;1;;NLIX00003888;NLIX00003870;;;;ECB;EU Price;Indices;;;;;0;;CALCULATED
NLIX00003854;11-12-2025;;NLIX00003854;NL;TINDG;Euronext Transatlantic Industrials GR;XAMS;;8239.64;8303.7;8303.70453492;;;;;NLIX00003839;;;0;;;ECB;TR1;Indices;;;;;0;;CALCULATED
NLIX00003847;11-12-2025;;NLIX00003847;NL;TINDN;Euronext Transatlantic Industrials NR;XAMS;;7590.27;7649.28;7649.28288065;;;;;NLIX00003839;;;;0;;ECB;TR1;Indices;;;;;0;;CALCULATED
NLIX00003839;11-12-2025;;NLIX00003839;NL;TIND;Euronext Transatlantic Industrials PR;XAMS;1285181998.98899;6063.97;6111.11;6111.11402178;7853893734562.2727845;204;EUR;1;;NLIX00003854;NLIX00003847;;;;ECB;EU Price;Indices;;;;;0;;CALCULATED
NLIX00003821;11-12-2025;;NLIX00003821;NL;TFING;Euronext Transatlantic Financials GR;XAMS;;5679.83;5711.43;5711.43271099;;;;;NLIX00003805;;;.04794559401411;;GB00B17BBQ50;ECB;TR1;Indices;;;;;0;;CALCULATED
NLIX00003813;11-12-2025;;NLIX00003813;NL;TFINN;Euronext Transatlantic Financials NR;XAMS;;5118.97;5147.46;5147.46053013;;;;;NLIX00003805;;;;.04794559401411;GB00B17BBQ50;ECB;TR1;Indices;;;;;0;;CALCULATED
NLIX00003805;11-12-2025;;NLIX00003805;NL;TFINP;Euronext Transatlantic Financials PR;XAMS;2155198346.48694;3659.23;3679.55;3679.54866716;7930157203285.7134054;157;EUR;1;;NLIX00003821;NLIX00003813;;;;ECB;EU Price;Indices;;;;;0;;CALCULATED
NLIX00003797;11-12-2025;;NLIX00003797;NL;TCDIG;Euronext Transatlantic Cons Discret GR;XAMS;;9690.30;9655.51;9655.5053323;;;;;NLIX00003771;;;0;;;ECB;TR1;Indices;;;;;0;;CALCULATED
NLIX00003789;11-12-2025;;NLIX00003789;NL;TCDIN;Euronext Transatlantic Cons Discret NR;XAMS;;9090.49;9057.85;9057.8481519;;;;;NLIX00003771;;;;0;;ECB;TR1;Indices;;;;;0;;CALCULATED
NLIX00003771;11-12-2025;;NLIX00003771;NL;TCDI;Euronext Transatlantic Cons Discret PR;XAMS;1048891002.35363;7553.65;7526.53;7526.53078748;7894510421923.4294000;123;EUR;1;;NLIX00003797;NLIX00003789;;;;ECB;EU Price;Indices;;;;;0;;CALCULATED
NLIX00003763;11-12-2025;;NLIX00003763;NL;TCSTG;Euronext Transatlantic Cons Staples GR;XAMS;;4240.89;4229.36;4229.36138222;;;;;NLIX00003748;;;.13486355670509;;GB0006731235;ECB;TR1;Indices;;;;;0;;CALCULATED
NLIX00003755;11-12-2025;;NLIX00003755;NL;TCSTN;Euronext Transatlantic Cons Staples NR;XAMS;;3769.63;3759.38;3759.38272546;;;;;NLIX00003748;;;;.13486355670509;GB0006731235;ECB;TR1;Indices;;;;;0;;CALCULATED
NLIX00003748;11-12-2025;;NLIX00003748;NL;TCST;Euronext Transatlantic Cons Staples PR;XAMS;1027670768.96468;2621.45;2614.19;2614.1918447;2686528543268.7039413;64;EUR;1;;NLIX00003763;NLIX00003755;;;;ECB;EU Price;Indices;;;;;0;;CALCULATED
NLIX00003730;11-12-2025;;NLIX00003730;NL;TENRG;Euronext Transatlantic Energy GR;XAMS;;2884.09;2854.44;2854.4378438;;;;;NLIX00003714;;;0;;;ECB;TR1;Indices;;;;;0;;CALCULATED
NLIX00003722;11-12-2025;;NLIX00003722;NL;TENRN;Euronext Transatlantic Energy NR;XAMS;;2515.04;2489.18;2489.1848907;;;;;NLIX00003714;;;;0;;ECB;TR1;Indices;;;;;0;;CALCULATED
NLIX00003714;11-12-2025;;NLIX00003714;NL;TENR;Euronext Transatlantic Energy PR;XAMS;1391764181.29637;1610.22;1593.66;1593.66271632;2218002685643.5662873;45;EUR;1;;NLIX00003730;NLIX00003722;;;;ECB;EU Price;Indices;;;;;0;;CALCULATED
NLIX00003706;11-12-2025;;NLIX00003706;NL;TTECG;Euronext Transatlantic Technology GR;XAMS;;23874.70;23495.48;23495.47611397;;;;;NLIX00003680;;;.22083305004197;;US40434L1052;ECB;TR1;Indices;;;;;0;;CALCULATED
NLIX00003698;11-12-2025;;NLIX00003698;NL;TTECN;Euronext Transatlantic Technology NR;XAMS;;22586.72;22227.88;22227.87806878;;;;;NLIX00003680;;;;.15458313502938;US40434L1052;ECB;TR1;Indices;;;;;0;;CALCULATED
NLIX00003680;11-12-2025;;NLIX00003680;NL;TTEC;Euronext Transatlantic Technology PR;XAMS;1096781000.84981;19734.77;19421.08;19421.08114696;21300672817946.246919;102;EUR;1;;NLIX00003706;NLIX00003698;;;;ECB;EU Price;Indices;;;;;0;;CALCULATED
NLIX00003128;11-12-2025;;NLIX00003128;NL;AERD5;Euronext Aerospace and Defense D5%;XAMS;;7146.19;7162.04;7162.03780509;;;;;NLIX00003102;;;;;;ECB;TR4 Dividend Return;Indices;Percentage;.05;1;365;0;;CALCULATED
NLIX00003110;11-12-2025;;NLIX00003110;NL;ARD35;Euronext Aerospace and Defense D3.5%;XAMS;;9077.58;9098.08;9098.07725883;;;;;NLIX00003102;;;;;;ECB;TR4 Dividend Return;Indices;Percentage;.035;1;365;0;;CALCULATED
NLIX00003102;11-12-2025;;NLIX00003102;NL;AERDN;Euronext Aerospace and Defense NR;XAMS;;15862.08;15899.42;15899.42109503;;;;;NLIX00003086;;;;0;;ECB;TR1;Indices;;;;;0;;CALCULATED
NLIX00003094;11-12-2025;;NLIX00003094;NL;AERDG;Euronext Aerospace and Defense GR;XAMS;;16983.89;17023.87;17023.87365247;;;;;NLIX00003086;;;0;;;ECB;TR1;Indices;;;;;0;;CALCULATED
NLIX00003086;11-12-2025;;NLIX00003086;NL;AERDP;Euronext Aerospace and Defense PR;XAMS;50686347.3529205;12413.82;12443.05;12443.04747391;630692626391.47760205;27;EUR;1;;NLIX00003094;NLIX00003102;;;;ECB;EU Price;Indices;;;;;0;;CALCULATED
NLIX00003037;11-12-2025;;NLIX00003037;NL;ESC50;Euronext US Consumer Tech Energy Dec 50P;XAMS;;1014.74;997.35;997.34798142;;;;;NLIX00003003;;;;;;ECB;TR4 Dividend Return;Indices;Points;50;1;365;0;;CALCULATED
NLIX00003029;11-12-2025;;NLIX00003029;NL;ESC5D;Euronext US Consumer Tech Energy Dec 5%;XAMS;;7561.09;7431.51;7431.50581694;;;;;NLIX00003011;;;;;;ECB;TR4 Dividend Return;Indices;Percentage;.05;1;365;0;;CALCULATED
NLIX00003011;11-12-2025;;NLIX00003011;NL;EUSCN;Euronext US Consumer Tech Energy NR;XAMS;;16780.20;16494.91;16494.91347564;;;;;NLIX00002997;;;;0;;ECB;TR1;Indices;;;;;0;;CALCULATED
NLIX00003003;11-12-2025;;NLIX00003003;NL;EUSCG;Euronext US Consumer Tech Energy GR;XAMS;;18013.94;17707.68;17707.67722369;;;;;NLIX00002997;;;0;;;ECB;TR1;Indices;;;;;0;;CALCULATED
NLIX00002997;11-12-2025;;NLIX00002997;NL;EUSCS;Euronext US Consumer Tech Energy;XAMS;1090162591.05088;14219.49;13977.74;13977.74390149;15238013508696.926283;20;EUR;1;;NLIX00003003;NLIX00003011;;;;ECB;EU Price;Indices;;;;;0;;CALCULATED
NLIX00002252;11-12-2025;;NLIX00002252;NL;CANGT;EN Canada Total Market GR;XAMS;;4336.29;4355;4355.00231414;;;;;NLIX00002237;;;.14893490527344;;CA4085491039 CA87971M1032;ECB;TR1;Indices;;;;;0;;CALCULATED
NLIX00002245;11-12-2025;;NLIX00002245;NL;CANNT;EN Canada Total Market NR;XAMS;;3844.93;3861.46;3861.46172009;;;;;NLIX00002237;;;;.11170117895508;CA4085491039 CA87971M1032;ECB;TR1;Indices;;;;;0;;CALCULATED
NLIX00002237;11-12-2025;;NLIX00002237;NL;CANPT;EN Canada Total Market;XAMS;940813855.277317;2679.94;2691.36;2691.35554281;2532064584155.7072701;222;EUR;1;;NLIX00002252;NLIX00002245;;;;ECB;EU Price;Indices;;;;;0;;CALCULATED
NLIX00002161;11-12-2025;;NLIX00002161;NL;EUSGT;EN USA Total Market GR;XAMS;;10396.19;10322.18;10322.18228251;;;;;NLIX00002146;;;.09590865476763;;US00090Q1031 US0774541066 US40434L1052 US5526901096 US8168511090 US84857L1017;ECB;TR1;Indices;;;;;0;;CALCULATED
NLIX00002153;11-12-2025;;NLIX00002153;NL;EUSNT;EN USA Total Market NR;XAMS;;9541.14;9473.18;9473.18280412;;;;;NLIX00002146;;;;.06713605833734;US00090Q1031 US0774541066 US40434L1052 US5526901096 US8168511090 US84857L1017;ECB;TR1;Indices;;;;;0;;CALCULATED
NLIX00002146;11-12-2025;;NLIX00002146;NL;EUSPT;EN USA Total Market;XAMS;7332956643.33104;7765.14;7709.76;7709.76283739;56535356616909.145761;1412;EUR;1;;NLIX00002161;NLIX00002153;;;;ECB;EU Price;Indices;;;;;0;;CALCULATED
NLIX00002047;11-12-2025;;NLIX00002047;NL;DNAGT;EN Developed NA Total Market GR;XAMS;;9818.76;9753.58;9753.58114504;;;;;NLIX00002021;;;.10762747196464;;CA4085491039 CA87971M1032 US00090Q1031 US0774541066 US40434L1052 US5526901096 US58463J3041 US8168511090 US84857L1017;ECB;TR1;Indices;;;;;0;;CALCULATED
NLIX00002039;11-12-2025;;NLIX00002039;NL;DNANT;EN Developed NA Total Market NR;XAMS;;8994.90;8935.15;8935.14747588;;;;;NLIX00002021;;;;.07619323909189;CA4085491039 CA87971M1032 US00090Q1031 US0774541066 US40434L1052 US5526901096 US58463J3041 US8168511090 US84857L1017;ECB;TR1;Indices;;;;;0;;CALCULATED
NLIX00002021;11-12-2025;;NLIX00002021;NL;DNAPT;EN Developed NA Total Market;XAMS;8203664651.4917;7259.38;7211.08;7211.08149796;59157294383814.854984;1684;EUR;1;;NLIX00002047;NLIX00002039;;;;ECB;EU Price;Indices;;;;;0;;CALCULATED
NLIX00001957;11-12-2025;;NLIX00001957;NL;EDWGT;EN Developed World Total Market GR;XAMS;;7004.74;6970.38;6970.37571802;;;;;NLIX00001932;;;.08198465403081;;AU000000PMV2 CA4085491039 CA87971M1032 GB0000055888 GB0002318888 GB0006731235 GB00B17BBQ50 GB00B1GCLT25 GB00B41H7391 GB00BN44P254 GG00B1W3VF54 IL0006420173 NO0010791353 NZMFTE0001S9 SGXZ69436764 US00090Q1031 US0774541066 US40434L1052 US5526901096 US58463J3041 ECB;ECB;TR1;Indices;;;;;0;;CALCULATED
NLIX00001940;11-12-2025;;NLIX00001940;NL;EDWNT;EN Developed World Total Market NR;XAMS;;6420.97;6389.45;6389.4467604;;;;;NLIX00001932;;;;.06546899965321;AU000000PMV2 CA4085491039 CA87971M1032 GB0000055888 GB0002318888 GB0006731235 GB00B17BBQ50 GB00B1GCLT25 GB00B41H7391 GB00BN44P254 GG00B1W3VF54 IL0006420173 NO0010791353 NZMFTE0001S9 SGXZ69436764 US00090Q1031 US0774541066 US40434L1052 US5526901096 US58463J3041 ECB;ECB;TR1;Indices;;;;;0;;CALCULATED
NLIX00001932;11-12-2025;;NLIX00001932;NL;EDWPT;EN Developed World Total Market;XAMS;16477059974.9673;4888.51;4864.44;4864.43853273;80151645448319.979811;5358;EUR;1;;NLIX00001957;NLIX00001940;;;;ECB;EU Price;Indices;;;;;0;;CALCULATED
NLIX00001890;11-12-2025;;NLIX00001890;NL;CANG;Euronext Canada GR;XAMS;;4265.07;4282.12;4282.11946257;;;;;NLIX00001874;;;.16569262016143;;CA87971M1032;ECB;TR1;Indices;;;;;0;;CALCULATED
NLIX00001882;11-12-2025;;NLIX00001882;NL;CANN;Euronext Canada NR;XAMS;;3771.21;3786.23;3786.23017959;;;;;NLIX00001874;;;;.12426946512107;CA87971M1032;ECB;TR1;Indices;;;;;0;;CALCULATED
NLIX00001874;11-12-2025;;NLIX00001874;NL;CANP;Euronext Canada;XAMS;836728920.981935;2606.77;2617.03;2617.02946845;2189744243311.5483625;74;EUR;1;;NLIX00001890;NLIX00001882;;;;ECB;EU Price;Indices;;;;;0;;CALCULATED
NLIX00001809;11-12-2025;;NLIX00001809;NL;EUSG;Euronext USA GR;XAMS;;10512.76;10426.5;10426.49772898;;;;;NLIX00001783;;;.09515426080747;;US40434L1052 US8168511090;ECB;TR1;Indices;;;;;0;;CALCULATED
NLIX00001791;11-12-2025;;NLIX00001791;NL;EUSN;Euronext USA NR;XAMS;;9634.26;9555.17;9555.16918845;;;;;NLIX00001783;;;;.06660798256523;US40434L1052 US8168511090;ECB;TR1;Indices;;;;;0;;CALCULATED
NLIX00001783;11-12-2025;;NLIX00001783;NL;EUSP;Euronext USA;XAMS;6346982051.55257;7820.91;7756.64;7756.64003839;49231255104023.911014;365;EUR;1;;NLIX00001809;NLIX00001791;;;;ECB;EU Price;Indices;;;;;0;;CALCULATED
NLIX00001684;11-12-2025;;NLIX00001684;NL;DNAG;Euronext Developed North America GR;XAMS;;9932.73;9856.78;9856.77589827;;;;;NLIX00001668;;;.10398681601793;;CA87971M1032 US40434L1052 US8168511090;ECB;TR1;Indices;;;;;0;;CALCULATED
NLIX00001676;11-12-2025;;NLIX00001676;NL;DNAN;Euronext Developed North America NR;XAMS;;9086.67;9017.15;9017.15361071;;;;;NLIX00001668;;;;.07376148612285;CA87971M1032 US40434L1052 US8168511090;ECB;TR1;Indices;;;;;0;;CALCULATED
NLIX00001668;11-12-2025;;NLIX00001668;NL;DNAP;Euronext Developed North America;XAMS;7141118664.77441;7315.01;7258.97;7258.96780825;51837150502521.476684;461;EUR;1;;NLIX00001684;NLIX00001676;;;;ECB;EU Price;Indices;;;;;0;;CALCULATED
NLIX00001593;11-12-2025;;NLIX00001593;NL;EDWG;Euronext Developed World GR;XAMS;;7103.84;7064.59;7064.58661832;;;;;NLIX00001577;;;.06405806668057;;CA87971M1032 GB0006731235 NZMFTE0001S9 SGXZ69436764 US40434L1052 US8168511090;ECB;TR1;Indices;;;;;0;;CALCULATED
NLIX00001585;11-12-2025;;NLIX00001585;NL;EDWN;Euronext Developed World NR;XAMS;;6494.76;6458.85;6458.85416389;;;;;NLIX00001577;;;;.04878277729464;CA87971M1032 GB0006731235 NZMFTE0001S9 SGXZ69436764 US40434L1052 US8168511090;ECB;TR1;Indices;;;;;0;;CALCULATED
NLIX00001577;11-12-2025;;NLIX00001577;NL;EDWP;Euronext Developed World;XAMS;14798385160.6065;4906.26;4879.09;4879.08832712;72202628297402.303916;1579;EUR;1;;NLIX00001593;NLIX00001585;;;;ECB;EU Price;Indices;;;;;0;;CALCULATED
NLIX00001031;11-12-2025;;NLIX00001031;NL;ENZTG;Euronext EZ Transatlantic GR;XAMS;;8148.10;8103.65;8103.65427527;;;;;NLIX00001015;;;.09813139823892;;CA87971M1032 US40434L1052 US8168511090;ECB;TR1;Indices;;;;;0;;CALCULATED
NLIX00001023;11-12-2025;;NLIX00001023;NL;ENZTN;Euronext EZ Transatlantic NR;XAMS;;7393.63;7353.27;7353.26503885;;;;;NLIX00001015;;;;.07063542943401;CA87971M1032 US40434L1052 US8168511090;ECB;TR1;Indices;;;;;0;;CALCULATED
NLIX00001015;11-12-2025;;NLIX00001015;NL;ENZTP;Euronext EZ Transatlantic;XAMS;10190990228.5434;5738.96;5707.56;5707.55658619;58165653398743.970352;803;EUR;1;;NLIX00001031;NLIX00001023;;;;ECB;EU Price;Indices;;;;;0;;CALCULATED
NLIX00001007;11-12-2025;;NLIX00001007;FR;HSPCG;Euronext Helios Space Index GR;XPAR;;11581.27;11514.95;11514.94589966;;;;;NLIX00000983;;;.3812590287569;;US84857L1017;ECB;TR1;Indices;;;;;0;;CALCULATED
NLIX00000991;11-12-2025;;NLIX00000991;FR;HSPCN;Euronext Helios Space Index NR;XPAR;;11027.23;10963.94;10963.93986368;;;;;NLIX00000983;;;;.26688132012983;US84857L1017;ECB;TR1;Indices;;;;;0;;CALCULATED
NLIX00000983;11-12-2025;;NLIX00000983;FR;HSPCP;Euronext Helios Space Index;XPAR;97647868.2940379;8688.42;8638.28;8638.28412162;843510030194.6800218;35;EUR;1;;NLIX00001007;NLIX00000991;;;;ECB;EU Price;Indices;;;;;0;;CALCULATED
NLIX00000975;11-12-2025;;NLIX00000975;FR;HSPAG;Euronext Helios Space All-Share Index GR;XPAR;;11524.52;11459.02;11459.01556643;;;;;NLIX00000959;;;.37697422316294;;US84857L1017;ECB;TR1;Indices;;;;;0;;CALCULATED
NLIX00000967;11-12-2025;;NLIX00000967;FR;HSPAN;Euronext Helios Space All-Share Index NR;XPAR;;10972.44;10909.92;10909.92499656;;;;;NLIX00000959;;;;.26388195621406;US84857L1017;ECB;TR1;Indices;;;;;0;;CALCULATED
NLIX00000959;11-12-2025;;NLIX00000959;FR;HSPAP;Euronext Helios Space All-Share Index;XPAR;98757764.1611726;8642.97;8593.46;8593.46381163;848671272436.47544103;49;EUR;1;;NLIX00000975;NLIX00000967;;;;ECB;EU Price;Indices;;;;;0;;CALCULATED
NLIX00000942;11-12-2025;;NLIX00000942;NL;ENTG;Euronext Transatlantic GR;XAMS;;7433.91;7398.84;7398.84314561;;;;;NLIX00000926;;;.10194919869106;;CA87971M1032 GB0002318888 GB0006731235 GB00B17BBQ50 US40434L1052 US8168511090;ECB;TR1;Indices;;;;;0;;CALCULATED
NLIX00000934;11-12-2025;;NLIX00000934;NL;ENTN;Euronext Transatlantic NR;XAMS;;6777.86;6745.85;6745.85353997;;;;;NLIX00000926;;;;.07925414013957;CA87971M1032 GB0002318888 GB0006731235 GB00B17BBQ50 US40434L1052 US8168511090;ECB;TR1;Indices;;;;;0;;CALCULATED
NLIX00000926;11-12-2025;;NLIX00000926;NL;ENTP;Euronext Transatlantic;XAMS;12346791209.1782;5132.73;5108.41;5108.41420139;63072523554501.446124;1001;EUR;1;;NLIX00000942;NLIX00000934;;;;ECB;EU Price;Indices;;;;;0;;CALCULATED
NLIX00000025;11-12-2025;;NLIX00000025;NL;EDMGU;Euronext Developed Market GR USD;XAMS;;1500.82;1507.94;1507.93507859;;;;;NLIX00000009;;;.02549908481399;;CA87971M1032 GB0002318888 GB0006731235 GB00B17BBQ50 NZMFTE0001S9 US40434L1052 US8168511090;WM ;TR1;Indices;;;;;0;;CALCULATED
NLIX00000017;11-12-2025;;NLIX00000017;NL;EDMNU;Euronext Developed Market NR USD;XAMS;;1473.24;1480.22;1480.22206442;;;;;NLIX00000009;;;;.01977180963904;CA87971M1032 GB0002318888 GB0006731235 GB00B17BBQ50 NZMFTE0001S9 US40434L1052 US8168511090;WM ;TR1;Indices;;;;;0;;CALCULATED
NLIX00000009;11-12-2025;;NLIX00000009;NL;EDMPU;Euronext Developed Market USD;XAMS;58982840255.304;1386.04;1392.59;1392.58860516;82138831239303.722963;1538;USD;1;;NLIX00000025;NLIX00000017;;;;WM ;EU Price;Indices;;;;;0;;CALCULATED
FR0014005IM1;11-12-2025;;FR0014005IM1;FR;USCEN;EN US Screened Climate Amb 25 EW NR EUR;XPAR;;8199.87;8151.62;8151.61932412;;;;;FR0014005IJ7;;;;0;;ECB;TR1;Indices;;;;;0;;CALCULATED
FR0014005IJ7;11-12-2025;;FR0014005IJ7;FR;USCLE;EN US Screened Climate Amb 25 EW EUR;XPAR;1000983.94738456;6468.37;6430.31;6430.30643225;6436633515.44827205;25;EUR;1;;FR0014005II9;FR0014005IM1;;;;ECB;EU Price;Indices;;;;;0;;CALCULATED
FR0014005II9;11-12-2025;;FR0014005II9;FR;USCEG;EN US Screened Climate Amb 25 EW GR EUR;XPAR;;9075.54;9022.14;9022.13753301;;;;;FR0014005IJ7;;;0;;;ECB;TR1;Indices;;;;;0;;CALCULATED
FR0014005GK9;11-12-2025;;FR0014005GK9;FR;USCLG;EN US Screened Climate Ambition 25 EW GR;XPAR;;7320.75;7355.08;7355.07739235;;;;;FR0014005GE2;;;0;;;WM ;TR1;Indices;;;;;0;;CALCULATED
FR0014005GI3;11-12-2025;;FR0014005GI3;FR;TCAMP;EN Transatl Sustain and Cl Scr 60;XPAR;1012842.96094743;5701.44;5721.29;5721.29453362;5794772895.88;2;EUR;1;;FR0014005GG7;;;;;ECB;EU Price;Indices;;;;;0;;CALCULATED
FR0014005GH5;11-12-2025;;FR0014005GH5;FR;USCLN;EN US Screened Climate Ambition 25 EW NR;XPAR;;6614.26;6645.27;6645.27227746;;;;;FR0014005GE2;;;;0;;WM ;TR1;Indices;;;;;0;;CALCULATED
FR0014005GG7;11-12-2025;;FR0014005GG7;FR;TCAMG;EN Transatl Sustain and Cl Scr 60 GR;XPAR;;5701.44;5721.29;5721.29453362;;;;;FR0014005GI3;;;0;;;ECB;TR1;Indices;;;;;0;;CALCULATED
FR0014005GF9;11-12-2025;;FR0014005GF9;FR;TCAMB;EN Transatl Sustain and Cl Scr 60 D50P;XPAR;;1311.79;1316.22;1316.21622204;;;;;FR0014005GG7;;;;;;ECB;TR4 Dividend Return;Indices;Points;50;1;365;0;;CALCULATED
FR0014005GE2;11-12-2025;;FR0014005GE2;FR;USCLA;EN US Screened Climate Ambition 25 EW;XPAR;999654.687201085;5217.33;5241.79;5241.79363116;5239983572.73;25;USD;1;;FR0014005GK9;FR0014005GH5;;;;WM ;EU Price;Indices;;;;;0;;CALCULATED
FR0014004PU2;11-12-2025;;FR0014004PU2;FR;TESGN;EN CDP Environment Transatlantic EW NR;XPAR;;4656.83;4653.98;4653.97550773;;;;;FR0014004PQ0;;;;0;;ECB;TR1;Indices;;;;;0;;CALCULATED
FR0014004PS6;11-12-2025;;FR0014004PS6;FR;TLESG;EN CDP Environment Transatlantic EW D5%;XPAR;;1716.62;1715.34;1715.33706686;;;;;FR0014004PU2;;;;;;ECB;TR4 Dividend Return;Indices;Percentage;.05;1;365;0;;CALCULATED
FR0014004PR8;11-12-2025;;FR0014004PR8;FR;TESGG;EN CDP Environment Transatlantic EW GR;XPAR;;5291.87;5288.63;5288.62822825;;;;;FR0014004PQ0;;;0;;;ECB;TR1;Indices;;;;;0;;CALCULATED
FR0014004PQ0;11-12-2025;;FR0014004PQ0;FR;TESGP;EN CDP Environment Transatlantic EW;XPAR;1018395.8539;3032.37;3030.52;3030.51599061;3086264920.01905116;40;EUR;1;;FR0014004PR8;FR0014004PU2;;;;ECB;EU Price;Indices;;;;;0;;CALCULATED
FR0014003BY6;11-12-2025;;FR0014003BY6;FR;TCED5;EN Transat Circular Economy 50 EW D5%;XPAR;;2111.59;2102.97;2102.96688411;;;;;FR0014003BV2;;;;;;ECB;TR4 Dividend Return;Indices;Percentage;.05;1;365;0;;CALCULATED
FR0014003BX8;11-12-2025;;FR0014003BX8;FR;TCEGR;EN Transat Circular Economy 50 EW GR;XPAR;;5219.27;5198.67;5198.67486318;;;;;FR0014003BU4;;;0;;;ECB;TR1;Indices;;;;;0;;CALCULATED
FR0014003BV2;11-12-2025;;FR0014003BV2;FR;TCENR;EN Transat Circular Economy 50 EW NR;XPAR;;4687.57;4669.07;4669.06786008;;;;;FR0014003BU4;;;;0;;ECB;TR1;Indices;;;;;0;;CALCULATED
FR0014003BU4;11-12-2025;;FR0014003BU4;FR;TCEPR;EN Transat Circular Economy 50 EW;XPAR;971598.81194537;3236.26;3223.49;3223.49050836;3131939548.24271412;51;EUR;1;;FR0014003BX8;FR0014003BV2;;;;ECB;EU Price;Indices;;;;;0;;CALCULATED
FR0014001178;11-12-2025;;FR0014001178;FR;ECC3D;EN C Euro&Global ClimateChange EW D3.5%;XPAR;;2784.06;2804.37;2804.36608788;;;;;FR0013533569;;;;;;ECB;TR4 Dividend Return;Indices;Percentage;.035;1;365;0;;CALCULATED
FR0013533593;11-12-2025;;FR0013533593;FR;ECC5D;EN C Euro&Global Climate Change EW D5%;XPAR;;2158.92;2174.57;2174.57247164;;;;;FR0013533569;;;;;;ECB;TR4 Dividend Return;Indices;Percentage;.05;1;365;0;;CALCULATED
FR0013533577;11-12-2025;;FR0013533577;FR;ECC5G;EN Core Euro&Global Climate Change EW GR;XPAR;;5727.20;5769.51;5769.50912781;;;;;FR0013533551;;;0;;;ECB;TR1;Indices;;;;;0;;CALCULATED
FR0013533569;11-12-2025;;FR0013533569;FR;ECC5N;EN Core Euro&Global Climate Change EW NR;XPAR;;5039.03;5076.26;5076.25526971;;;;;FR0013533551;;;;0;;ECB;TR1;Indices;;;;;0;;CALCULATED
FR0013533551;11-12-2025;;FR0013533551;FR;ECC5P;EN Core Euro & Global Climate Change EW;XPAR;946400.627500166;3407.30;3432.48;3432.47559791;3248497059.73909759;51;EUR;1;;FR0013533577;FR0013533569;;;;ECB;EU Price;Indices;;;;;0;;CALCULATED
FR0013522604;11-12-2025;;FR0013522604;FR;LC3WG;Euronext Low Carbon 300 World PAB GR;XPAR;;5847.77;5800.83;5800.82712122;;;;;FR0013522588;;;.08733580775351;;CA87971M1032 GB0002318888 US40434L1052;ECB;TR1;Indices;;;;;0;;CALCULATED
FR0013522596;11-12-2025;;FR0013522596;FR;LC3W;Euronext Low Carbon 300 World PAB NR;XPAR;;5175.58;5134.01;5134.00612293;;;;;FR0013522588;;;;.06444364612787;CA87971M1032 GB0002318888 US40434L1052;ECB;TR1;Indices;;;;;0;;CALCULATED
FR0013522588;11-12-2025;;FR0013522588;FR;LC3WP;Euronext Low Carbon 300 World PAB;XPAR;482064.383514209;3517.65;3489.33;3489.33015241;1682081788.79764438;301;EUR;1;;FR0013522604;FR0013522596;;;;ECB;EU Price;Indices;;;;;0;;CALCULATED
FRIX00007362;11-12-2025;;FRIX00007362;FR;ENRSU;Euronext Rapeseed Commodity Index USD;XPAR;;4698.21;4767.02;4767.02297541;;;USD;1;;;;;;;ECB;EOD Indices;Indices;;;;;0;;FIXED
FRIX00007354;11-12-2025;;FRIX00007354;FR;ENRSE;Euronext Rapeseed Commodity Index EUR;XPAR;;4738.97;4761.35;4761.34733151;;;EUR;1;;;;;;;ECB;EOD Indices;Indices;;;;;0;;FIXED
FRIX00007347;11-12-2025;;FRIX00007347;FR;ENMWU;EuronextMilling Wheat Commodity USD;XPAR;;1602.73;1605.79;1605.78602899;;;USD;1;;;;;;;ECB;EOD Indices;Indices;;;;;0;;FIXED
FRIX00007339;11-12-2025;;FRIX00007339;FR;ENMWE;EuronextMilling Wheat Commodity EUR;XPAR;;1616.64;1603.87;1603.87417139;;;EUR;1;;;;;;;ECB;EOD Indices;Indices;;;;;0;;FIXED
FRIX00007131;11-12-2025;;FRIX00007131;FR;ENFUT;Euronext FUTU;XPAR;1;173.360;172.77;172.77;172.77;1;USD;1;;;;;;;WM ;EU Price;Indices;;;;;0;;FIXED
FRIX00007073;11-12-2025;;FRIX00007073;FR;PFFRI;Euronext France Investissement 40 Proforma;XPAR;370253476.429913;4779.87;4798.26;4798.25871059;1776571968405.3768041;40;EUR;1;;;;;;;ECB;EU Price;Indices;;;;;0;;FIXED
FRIX00007065;11-12-2025;;FRIX00007065;FR;PFFRD;Euronext France Developpement 40 Proforma;XPAR;307421798.195084;5281.59;5319.62;5319.61625988;1635365996320.3389652;40;EUR;1;;;;;;;ECB;EU Price;Indices;;;;;0;;FIXED
FRIX00006828;11-12-2025;;FRIX00006828;FR;ENXUH;Euronext UnitedHealth;XPAR;1;328.370;336.73;336.73;336.73;1;USD;1;;;;;;;WM ;EU Price;Indices;;;;;0;;FIXED
FRIX00006802;11-12-2025;;FRIX00006802;FR;ENXHH;Euronext Hims Hers Health;XPAR;1;37.880;37.77;37.77;37.77;1;USD;1;;;;;;;WM ;EU Price;Indices;;;;;0;;FIXED
FRIX00006406;11-12-2025;;FRIX00006406;FR;ENXAS;Euronext ASML;XPAR;1;1119.320;1122.84;1122.84;1122.84;1;USD;1;;;;;;;WM ;EU Price;Indices;;;;;0;;FIXED
FRIX00006372;11-12-2025;;FRIX00006372;FR;ENXRO;Euronext Robinhood Markets;XPAR;1;135.660;123.38;123.38;123.38;1;USD;1;;;;;;;WM ;EU Price;Indices;;;;;0;;FIXED
FRIX00006349;11-12-2025;;FRIX00006349;FR;ENXBR;Euronext Broadcom;XPAR;1;412.970;406.37;406.37;406.37;1;USD;1;;;;;;;WM ;EU Price;Indices;;;;;0;;FIXED
FRIX00006315;11-12-2025;;FRIX00006315;FR;ENXIN;Euronext Intel;XPAR;1;40.780;39.51;39.51;39.51;1;USD;1;;;;;;;WM ;EU Price;Indices;;;;;0;;FIXED
FRIX00006281;11-12-2025;;FRIX00006281;FR;ENXEL;Euronext Eli Lilly;XPAR;1;993.640;1009.38;1009.38;1009.38;1;USD;1;;;;;;;WM ;EU Price;Indices;;;;;0;;FIXED
FRIX00005663;11-12-2025;;FRIX00005663;FR;FRID5;Euronext France Investissement 40 D 50 P;XPAR;;893.49;896.83;896.82590349;;;;;FRIX00003668;;;;;;ECB;TR4 Dividend Return;Indices;Points;50;1;365;0;;CALCULATED
FRIX00003676;11-12-2025;;FRIX00003676;FR;FRI4D;Euronext France Investissement 40 D5%;XPAR;;2659.94;2669.93;2669.92630043;;;;;FRIX00003650;;;;;;ECB;TR4 Dividend Return;Indices;Percentage;.05;1;365;0;;CALCULATED
FRIX00003668;11-12-2025;;FRIX00003668;FR;FRI4G;Euronext France Investissement 40 GR;XPAR;;6574.95;6600.54;6600.5364793;;;;;FRIX00003643;;;.19699071624516;;GB0006731235;ECB;TR1;Indices;;;;;0;;CALCULATED
FRIX00003650;11-12-2025;;FRIX00003650;FR;FRI4N;Euronext France Investissement 40 NR;XPAR;;5905.41;5928.39;5928.38807703;;;;;FRIX00003643;;;;.19699071624516;GB0006731235;ECB;TR1;Indices;;;;;0;;CALCULATED
FRIX00003643;11-12-2025;;FRIX00003643;FR;FRI4P;Euronext France Investissement 40;XPAR;399378426.880787;4431.30;4448.34;4448.34234608;1776571968405.3768041;40;EUR;1;;FRIX00003668;FRIX00003650;;;;ECB;EU Price;Indices;;;;;0;;CALCULATED
FRIX00003221;11-12-2025;;FRIX00003221;FR;ENXMS;Euronext MicroStrategy;XPAR;1;184.640;183.3;183.3;183.3;1;USD;1;;;;;;;WM ;EU Price;Indices;;;;;0;;FIXED
FRIX00003064;11-12-2025;;FRIX00003064;FR;FRD4D;Euronext France Developpement 40 D5%;XPAR;;3057.80;3079.4;3079.39875776;;;;;FRIX00003049;;;;;;ECB;TR4 Dividend Return;Indices;Percentage;.05;1;365;0;;CALCULATED
FRIX00003056;11-12-2025;;FRIX00003056;FR;FRD4G;Euronext France Developpement 40 GR;XPAR;;7544.44;7598.76;7598.75828199;;;;;FRIX00003031;;;0;;;ECB;TR1;Indices;;;;;0;;CALCULATED
FRIX00003049;11-12-2025;;FRIX00003049;FR;FRD4N;Euronext France Developpement 40 NR;XPAR;;6788.28;6837.15;6837.15475851;;;;;FRIX00003031;;;;0;;ECB;TR1;Indices;;;;;0;;CALCULATED
FRIX00003031;11-12-2025;;FRIX00003031;FR;FRD4P;Euronext France Developpement 40;XPAR;319873712.694841;5075.99;5112.54;5112.53638989;1635365996320.3389652;40;EUR;1;;FRIX00003056;FRIX00003049;;;;ECB;EU Price;Indices;;;;;0;;CALCULATED
FRIX00002900;11-12-2025;;FRIX00002900;FR;INFRD;Euronext Invest In France 40 D 5%;XPAR;;2813.86;2812.81;2812.8137333;;;;;FRIX00002884;;;;;;ECB;TR4 Dividend Return;Indices;Percentage;.05;1;365;0;;CALCULATED
FRIX00002892;11-12-2025;;FRIX00002892;FR;INFRG;Euronext Invest In France 40 GR;XPAR;;7035.18;7033.53;7033.53195978;;;;;FRIX00002876;;;0;;;ECB;TR1;Indices;;;;;0;;CALCULATED
FRIX00002884;11-12-2025;;FRIX00002884;FR;INFRN;Euronext Invest In France 40 NR;XPAR;;6246.87;6245.4;6245.40303627;;;;;FRIX00002876;;;;0;;ECB;TR1;Indices;;;;;0;;CALCULATED
FRIX00002876;11-12-2025;;FRIX00002876;FR;INFRP;Euronext Invest In France 40;XPAR;180725378.287228;4590.76;4589.68;4589.6789063;829471456558.70384094;40;EUR;1;;FRIX00002892;FRIX00002884;;;;ECB;EU Price;Indices;;;;;0;;CALCULATED
FRIX00002801;11-12-2025;;FRIX00002801;FR;WIFRD;Euronext World Invest In France 40 D5%;XPAR;;4554.53;4532.75;4532.75172878;;;;;FRIX00002785;;;;;;ECB;TR4 Dividend Return;Indices;Percentage;.05;1;365;0;;CALCULATED
FRIX00002793;11-12-2025;;FRIX00002793;FR;WIFRG;Euronext World Invest In France 40 GR;XPAR;;11022.05;10970.87;10970.87110504;;;;;FRIX00002777;;;0;;;ECB;TR1;Indices;;;;;0;;CALCULATED
FRIX00002785;11-12-2025;;FRIX00002785;FR;WIFRN;Euronext World Invest In France 40 NR;XPAR;;10110.09;10063.14;10063.14339391;;;;;FRIX00002777;;;;0;;ECB;TR1;Indices;;;;;0;;CALCULATED
FRIX00002777;11-12-2025;;FRIX00002777;FR;WIFRP;Euronext World Invest In France 40;XPAR;611347323.937975;8116.95;8079.26;8079.25597471;4939231519546.0845926;40;EUR;1;;FRIX00002793;FRIX00002785;;;;ECB;EU Price;Indices;;;;;0;;CALCULATED
FRIX00002769;11-12-2025;;FRIX00002769;FR;FILVD;EN Invest In France Low Volatility D3 5%;XPAR;;3300.73;3285.41;3285.40582874;;;;;FRIX00002736;;;;;;ECB;TR4 Dividend Return;Indices;Percentage;.035;1;365;0;;CALCULATED
FRIX00002751;11-12-2025;;FRIX00002751;FR;FILV3;EN Invest In France Low Volatility D3%;XPAR;;3574.75;3558.2;3558.20304987;;;;;FRIX00002736;;;;;;ECB;TR4 Dividend Return;Indices;Percentage;.03;1;365;0;;CALCULATED
FRIX00002744;11-12-2025;;FRIX00002744;FR;FILVG;EN Invest In France Low Volatility GR;XPAR;;6431.08;6401.83;6401.83417703;;;;;FRIX00002728;;;0;;;ECB;TR1;Indices;;;;;0;;CALCULATED
FRIX00002736;11-12-2025;;FRIX00002736;FR;FILVN;EN Invest In France Low Volatility NR;XPAR;;5768.24;5742.01;5742.00986761;;;;;FRIX00002728;;;;0;;ECB;TR1;Indices;;;;;0;;CALCULATED
FRIX00002728;11-12-2025;;FRIX00002728;FR;FILVP;EN Invest In France Low Volatility;XPAR;988187.029071856;4219.41;4200.22;4200.22447267;4150607343.08119262;41;EUR;1;;FRIX00002744;FRIX00002736;;;;ECB;EU Price;Indices;;;;;0;;CALCULATED
FRIX00002645;11-12-2025;;FRIX00002645;FR;EIFRG;Euronext Invest In France GR;XPAR;;1519.02;1507.57;1507.56978403;;;;;FRIX00002629;;;.0068452459652;;GB0006731235;ECB;TR1;Indices;;;;;0;;CALCULATED
FRIX00002637;11-12-2025;;FRIX00002637;FR;EIFRN;Euronext Invest In France NR;XPAR;;1504.14;1492.8;1492.80184413;;;;;FRIX00002629;;;;.0068452459652;GB0006731235;ECB;TR1;Indices;;;;;0;;CALCULATED
FRIX00002629;11-12-2025;;FRIX00002629;FR;EIFRP;Euronext Invest In France;XPAR;20421779587.5792;1462.71;1451.67;1451.67270641;29645740043590.798251;321;EUR;1;;FRIX00002645;FRIX00002637;;;;ECB;EU Price;Indices;;;;;0;;CALCULATED
FRIX00002298;11-12-2025;;FRIX00002298;FR;CACVB;CAC Vol Bonus;XPAR;;2555.20;2592.51;2592.51208253;;;EUR;1;;;;;;;ECB;EOD Indices;Indices;;;;;0;;FIXED
FRIX00002033;11-12-2025;;FRIX00002033;FR;ECWGR;Euronext Cybersecurity World GR;XPAR;;9732.96;9693.05;9693.0543925;;;;;FRIX00002017;;;0;;;ECB;TR1;Indices;;;;;0;;CALCULATED
FRIX00002025;11-12-2025;;FRIX00002025;FR;ECWNR;Euronext Cybersecurity World NR;XPAR;;8831.26;8795.05;8795.05447385;;;;;FRIX00002017;;;;0;;ECB;TR1;Indices;;;;;0;;CALCULATED
FRIX00002017;11-12-2025;;FRIX00002017;FR;ECWPR;Euronext Cybersecurity World;XPAR;2331394055.00557;6704.23;6676.74;6676.73901394;15566109643919.742314;50;EUR;1;;FRIX00002033;FRIX00002025;;;;ECB;EU Price;Indices;;;;;0;;CALCULATED
FRIX00001936;11-12-2025;;FRIX00001936;FR;CAFME;CAC 40 Futures Monthly Roll 4D ER;XPAR;;3026.30;3049.86;3049.86047397;;;EUR;1;;;;;;;ECB;EOD Indices;Indices;;;;;0;;FIXED
FRIX00001860;11-12-2025;;FRIX00001860;FR;EAIWG;Euronext AI World GR;XPAR;;18975.72;18773.47;18773.47367874;;;;;FRIX00001845;;;3.44183355795319;;CA87971M1032 US40434L1052;ECB;TR1;Indices;;;;;0;;CALCULATED
FRIX00001852;11-12-2025;;FRIX00001852;FR;EAIWN;Euronext AI World NR;XPAR;;17800.25;17609.4;17609.40132663;;;;;FRIX00001845;;;;2.52416481057455;CA87971M1032 US40434L1052;ECB;TR1;Indices;;;;;0;;CALCULATED
FRIX00001845;11-12-2025;;FRIX00001845;FR;EAIWP;Euronext AI World;XPAR;1008819.15418916;14489.24;14331.36;14331.36466996;14457755184.72500268;99;EUR;1;;FRIX00001860;FRIX00001852;;;;ECB;EU Price;Indices;;;;;0;;CALCULATED
FRESG0005388;11-12-2025;;FRESG0005388;FR;EBSTD;EN ESG Biodiv Screen Transatl 80 D50P;XPAR;;932.41;933.56;933.56441486;;;;;FRESG0000421;;;;;;ECB;TR4 Dividend Return;Indices;Points;50;1;365;0;;CALCULATED
FRESG0003342;11-12-2025;;FRESG0003342;FR;EDWNE;Euronext Developed World ESG NR;XPAR;;7304.94;7273.86;7273.86344752;;;;;FRESG0003326;;;;.07706754996164;CA87971M1032 US40434L1052 US8168511090;ECB;TR1;Indices;;;;;0;;CALCULATED
FRESG0003334;11-12-2025;;FRESG0003334;FR;EDWGE;Euronext Developed World ESG GR;XPAR;;7976.83;7942.94;7942.93998847;;;;;FRESG0003326;;;.10706732438924;;CA87971M1032 US40434L1052 US8168511090;ECB;TR1;Indices;;;;;0;;CALCULATED
FRESG0003326;11-12-2025;;FRESG0003326;FR;EDWPE;Euronext Developed World ESG;XPAR;9340441878.70549;5596.20;5572.31;5572.31229883;52047859157172.803497;1079;EUR;1;;FRESG0003334;FRESG0003342;;;;ECB;EU Price;Indices;;;;;0;;CALCULATED
FRESG0003318;11-12-2025;;FRESG0003318;FR;EDWSN;Euronext Developed World ESG Screened NR;XPAR;;7075.82;7036.61;7036.61140324;;;;;FRESG0003292;;;;.06957327186531;CA87971M1032 GB0006731235 NZMFTE0001S9 US40434L1052 US8168511090;ECB;TR1;Indices;;;;;0;;CALCULATED
FRESG0003300;11-12-2025;;FRESG0003300;FR;EDWSG;Euronext Developed World ESG Screened GR;XPAR;;7710.80;7668.11;7668.10874752;;;;;FRESG0003292;;;.09247515678746;;CA87971M1032 GB0006731235 NZMFTE0001S9 US40434L1052 US8168511090;ECB;TR1;Indices;;;;;0;;CALCULATED
FRESG0003292;11-12-2025;;FRESG0003292;FR;EDWSP;Euronext Developed World ESG Screened;XPAR;12680969217.6995;5441.71;5411.49;5411.49363754;68622984239455.188050;1496;EUR;1;;FRESG0003300;FRESG0003318;;;;ECB;EU Price;Indices;;;;;0;;CALCULATED
FRESG0003284;11-12-2025;;FRESG0003284;FR;EUEN;Euronext USA ESG NR;XPAR;;10764.89;10689.6;10689.60093;;;;;FRESG0003268;;;;.116384017793;US40434L1052 US8168511090;ECB;TR1;Indices;;;;;0;;CALCULATED
FRESG0003276;11-12-2025;;FRESG0003276;FR;EUEG;Euronext USA ESG GR;XPAR;;11661.52;11580.03;11580.02518416;;;;;FRESG0003268;;;.16626288256143;;US40434L1052 US8168511090;ECB;TR1;Indices;;;;;0;;CALCULATED
FRESG0003268;11-12-2025;;FRESG0003268;FR;EUEP;Euronext USA ESG;XPAR;3632454677.61342;8890.54;8828.25;8828.24620327;32068204216188.878513;250;EUR;1;;FRESG0003276;FRESG0003284;;;;ECB;EU Price;Indices;;;;;0;;CALCULATED
FRESG0003250;11-12-2025;;FRESG0003250;FR;EUESN;Euronext USA ESG Screened NR;XPAR;;10781.43;10693.35;10693.35232827;;;;;FRESG0003235;;;;.07857426206285;US40434L1052 US8168511090;ECB;TR1;Indices;;;;;0;;CALCULATED
FRESG0003243;11-12-2025;;FRESG0003243;FR;EUESG;Euronext USA ESG Screened GR;XPAR;;11695.17;11599.67;11599.66717003;;;;;FRESG0003235;;;.11224894580407;;US40434L1052 US8168511090;ECB;TR1;Indices;;;;;0;;CALCULATED
FRESG0003235;11-12-2025;;FRESG0003235;FR;EUESP;Euronext USA ESG Screened;XPAR;5380383585.32085;8877.80;8805.19;8805.19368357;47375319560660.571104;346;EUR;1;;FRESG0003243;FRESG0003250;;;;ECB;EU Price;Indices;;;;;0;;CALCULATED
FRESG0003227;11-12-2025;;FRESG0003227;FR;ETEN;Euronext Transatlantic ESG NR;XPAR;;9209.82;9161.38;9161.3774029;;;;;FRESG0003201;;;;.08584198895996;US40434L1052 US8168511090;ECB;TR1;Indices;;;;;0;;CALCULATED
FRESG0003219;11-12-2025;;FRESG0003219;FR;ETEG;Euronext Transatlantic ESG GR;XPAR;;10048.94;9996.13;9996.13484328;;;;;FRESG0003201;;;.12263141279994;;US40434L1052 US8168511090;ECB;TR1;Indices;;;;;0;;CALCULATED
FRESG0003201;11-12-2025;;FRESG0003201;FR;ETEP;Euronext Transatlantic ESG;XPAR;4924858742.83303;7360.46;7321.66;7321.66004345;36058141477030.815788;376;EUR;1;;FRESG0003219;FRESG0003227;;;;ECB;EU Price;Indices;;;;;0;;CALCULATED
FRESG0003193;11-12-2025;;FRESG0003193;FR;ETESN;Euronext Transatlantic ESG Screened NR;XPAR;;8930.55;8872.13;8872.1278737;;;;;FRESG0003177;;;;.05626901331204;US40434L1052 US8168511090;ECB;TR1;Indices;;;;;0;;CALCULATED
FRESG0003185;11-12-2025;;FRESG0003185;FR;ETESG;Euronext Transatlantic ESG Screened GR;XPAR;;9749.10;9685.36;9685.35558456;;;;;FRESG0003177;;;.08038430473149;;US40434L1052 US8168511090;ECB;TR1;Indices;;;;;0;;CALCULATED
FRESG0003177;11-12-2025;;FRESG0003177;FR;ETESP;Euronext Transatlantic ESG Screened;XPAR;7513187897.70156;7138.28;7091.52;7091.52428018;53279954398087.105654;517;EUR;1;;FRESG0003185;FRESG0003193;;;;ECB;EU Price;Indices;;;;;0;;CALCULATED
FRESG0002880;11-12-2025;;FRESG0002880;FR;EGOD3;EN Global Onshoring ESG Select100 D3.75%;XPAR;;4025.67;4018.87;4018.87432522;;;;;FRESG0002864;;;;;;ECB;TR4 Dividend Return;Indices;Percentage;.0375;1;365;0;;CALCULATED
FRESG0002872;11-12-2025;;FRESG0002872;FR;EGOGR;EN Global Onshoring ESG Select100 GR;XPAR;;7988.58;7976.08;7976.08152887;;;;;FRESG0002856;;;.40976262796991;;US40434L1052;ECB;TR1;Indices;;;;;0;;CALCULATED
FRESG0002864;11-12-2025;;FRESG0002864;FR;EGONR;EN Global Onshoring ESG Select100 NR;XPAR;;7320.98;7309.36;7309.36294657;;;;;FRESG0002856;;;;.28683383957893;US40434L1052;ECB;TR1;Indices;;;;;0;;CALCULATED
FRESG0002856;11-12-2025;;FRESG0002856;FR;EGOPR;EN Global Onshoring ESG Select100;XPAR;1004681.72291532;5477.17;5468.19;5468.19074068;5493791294.58085613;101;EUR;1;;FRESG0002872;FRESG0002864;;;;ECB;EU Price;Indices;;;;;0;;CALCULATED
FRESG0002849;11-12-2025;;FRESG0002849;FR;EHND5;EN Horizon Energetique et Industriel D5%;XPAR;;8144.24;8229.62;8229.62208137;;;;;FRESG0002823;;;;;;ECB;TR4 Dividend Return;Indices;Percentage;.05;1;365;0;;CALCULATED
FRESG0002831;11-12-2025;;FRESG0002831;FR;EHNIG;EN Horizon Energetique et Industriel GR;XPAR;;19204.96;19408.94;19408.94228808;;;;;FRESG0002815;;;0;;;ECB;TR1;Indices;;;;;0;;CALCULATED
FRESG0002823;11-12-2025;;FRESG0002823;FR;EHNIN;EN Horizon Energetique et Industriel NR;XPAR;;18075.65;18267.63;18267.63159127;;;;;FRESG0002815;;;;0;;ECB;TR1;Indices;;;;;0;;CALCULATED
FRESG0002815;11-12-2025;;FRESG0002815;FR;EHNI;EN Horizon Energetique et Industriel;XPAR;989895.253349276;13987.39;14135.96;14135.9554584;13993115209.83154425;20;EUR;1;;FRESG0002831;FRESG0002823;;;;ECB;EU Price;Indices;;;;;0;;CALCULATED
FRESG0001460;11-12-2025;;FRESG0001460;FR;BISWG;Euronext Biodiversity Screened World GR;XPAR;;6606.18;6565.79;6565.79370246;;;;;FRESG0001445;;;.08148574559018;;CA87971M1032 US40434L1052 US8168511090;ECB;TR1;Indices;;;;;0;;CALCULATED
FRESG0001452;11-12-2025;;FRESG0001452;FR;BISWN;Euronext Biodiversity Screened World NR;XPAR;;6011.86;5975.08;5975.07865917;;;;;FRESG0001445;;;;.05864571064821;CA87971M1032 US40434L1052 US8168511090;ECB;TR1;Indices;;;;;0;;CALCULATED
FRESG0001445;11-12-2025;;FRESG0001445;FR;BISWP;Euronext Biodiversity Screened World;XPAR;12247018809.4797;4441.56;4414.32;4414.32334821;54062301076601.491101;1028;EUR;1;;FRESG0001460;FRESG0001452;;;;ECB;EU Price;Indices;;;;;0;;CALCULATED
FRESG0001437;11-12-2025;;FRESG0001437;FR;EBEWG;Euronext Biodiversity Enablers World GR;XPAR;;8335.66;8237.26;8237.26272651;;;;;FRESG0001411;;;.20367999096985;;CA87971M1032 US40434L1052;ECB;TR1;Indices;;;;;0;;CALCULATED
FRESG0001429;11-12-2025;;FRESG0001429;FR;EBEWN;Euronext Biodiversity Enablers World NR;XPAR;;7648.64;7558.28;7558.28032162;;;;;FRESG0001411;;;;.14886986894168;CA87971M1032 US40434L1052;ECB;TR1;Indices;;;;;0;;CALCULATED
FRESG0001411;11-12-2025;;FRESG0001411;FR;EBEWP;Euronext Biodiversity Enablers World;XPAR;3124450250.39387;5936.99;5866.7;5866.6995728;18330210949214.616779;210;EUR;1;;FRESG0001437;FRESG0001429;;;;ECB;EU Price;Indices;;;;;0;;CALCULATED
FRESG0001023;11-12-2025;;FRESG0001023;FR;BSWPF;EN ESG Biodiversity Screened W Proforma;XPAR;12209095590.7308;3708.89;3722.18;3722.1845059;45444506438838.788169;499;USD;1;;;;;;;WM ;EU Price;Indices;;;;;0;;CALCULATED
FRESG0000892;11-12-2025;;FRESG0000892;FR;GSCSD;EN Glob Sustain and Cl Screened D 50P;XPAR;;1310.85;1311.98;1311.9774065;;;;;FRESG0000884;;;;;;ECB;TR4 Dividend Return;Indices;Points;50;1;365;0;;CALCULATED
FRESG0000884;11-12-2025;;FRESG0000884;FR;GSCSG;EN Glob Sustain and Cl Screened GR;XPAR;;6650.79;6657.21;6657.21323334;;;;;FRESG0000876;;;0;;;ECB;TR1;Indices;;;;;0;;CALCULATED
FRESG0000876;11-12-2025;;FRESG0000876;FR;GSCSP;EN Glob Sustain and Cl Screened;XPAR;1009251.9517956;6650.79;6657.21;6657.21323334;6718805449.27;3;EUR;1;;FRESG0000884;;;;;ECB;EU Price;Indices;;;;;0;;CALCULATED
FRESG0000447;11-12-2025;;FRESG0000447;FR;EBST5;EN ESG Biodiv Screen Transatl 80 D 5%;XPAR;;2698.98;2702.36;2702.35726073;;;;;FRESG0000413;;;;;;ECB;TR4 Dividend Return;Indices;Percentage;.05;1;365;0;;CALCULATED
FRESG0000439;11-12-2025;;FRESG0000439;FR;EBST4;EN ESG Biodiv Screen Transatl 80 D 4%;XPAR;;3165.70;3169.76;3169.75625714;;;;;FRESG0000413;;;;;;ECB;TR4 Dividend Return;Indices;Percentage;.04;1;365;0;;CALCULATED
FRESG0000421;11-12-2025;;FRESG0000421;FR;EBSTG;EN ESG Biodiv Screen Transatl 80 GR;XPAR;;6627.68;6636.9;6636.89709386;;;;;FRESG0000405;;;0;;;ECB;TR1;Indices;;;;;0;;CALCULATED
FRESG0000413;11-12-2025;;FRESG0000413;FR;EBSTN;EN ESG Biodiv Screen Transatl 80 NR;XPAR;;5991.28;5999.61;5999.60546957;;;;;FRESG0000405;;;;0;;ECB;TR1;Indices;;;;;0;;CALCULATED
FRESG0000405;11-12-2025;;FRESG0000405;FR;EBSTP;EN ESG Biodiv Screen Transatl 80;XPAR;996373.3724413;4500.08;4506.33;4506.33460973;4489991812.44171559;81;EUR;1;;FRESG0000421;FRESG0000413;;;;ECB;EU Price;Indices;;;;;0;;CALCULATED
FRESG0000363;11-12-2025;;FRESG0000363;FR;WCAMB;Euronext World Sustain and Climate Scr Decr 50 P;XPAR;;1453.68;1456;1455.99909438;;;;;FRESG0000355;;;;;;ECB;TR4 Dividend Return;Indices;Points;50;1;365;0;;CALCULATED
FRESG0000355;11-12-2025;;FRESG0000355;FR;WCAMG;Euronext World Sustainable and Climate Screen GR;XPAR;;6377.76;6388.53;6388.53051708;;;;;FRESG0000348;;;0;;;ECB;TR1;Indices;;;;;0;;CALCULATED
FRESG0000348;11-12-2025;;FRESG0000348;FR;WCAMP;Euronext World Sustainability and Climate Screened;XPAR;1009518.28122035;6377.76;6388.53;6388.53051708;6449338347.13;3;EUR;1;;FRESG0000355;;;;;ECB;EU Price;Indices;;;;;0;;CALCULATED
FRESG0000298;11-12-2025;;FRESG0000298;FR;UC3EN;EN US Screened Climate Amb 35 EW NR EUR;XPAR;;8445.97;8406.13;8406.13314681;;;;;FRESG0000272;;;;0;;ECB;TR1;Indices;;;;;0;;CALCULATED
FRESG0000280;11-12-2025;;FRESG0000280;FR;UC3EG;EN US Screened Climate Amb 35 EW GR EUR;XPAR;;9351.64;9307.54;9307.53742806;;;;;FRESG0000272;;;0;;;ECB;TR1;Indices;;;;;0;;CALCULATED
FRESG0000272;11-12-2025;;FRESG0000272;FR;UC3PE;EN US Screened Climate Amb 35 EW EUR;XPAR;1002639.89443144;6648.28;6616.93;6616.92654425;6634394531.78554645;35;EUR;1;;FRESG0000280;FRESG0000298;;;;ECB;EU Price;Indices;;;;;0;;CALCULATED
FRESG0000264;11-12-2025;;FRESG0000264;FR;USC3N;EN US Screened Climate Ambition 35 EW NR;XPAR;;6853.28;6888.33;6888.33464266;;;;;FRESG0000249;;;;0;;WM ;TR1;Indices;;;;;0;;CALCULATED
FRESG0000256;11-12-2025;;FRESG0000256;FR;USC3G;EN US Screened Climate Ambition 35 EW GR;XPAR;;7588.15;7626.97;7626.96784483;;;;;FRESG0000249;;;0;;;WM ;TR1;Indices;;;;;0;;CALCULATED
FRESG0000249;11-12-2025;;FRESG0000249;FR;USC3P;EN US Screened Climate Ambition 35 EW;XPAR;1002641.09597514;5394.62;5422.21;5422.2127411;5436533325.35;35;USD;1;;FRESG0000256;FRESG0000264;;;;WM ;EU Price;Indices;;;;;0;;CALCULATED
FRESG0000173;11-12-2025;;FRESG0000173;FR;LC3WD;Euronext Low Carbon 300 World D3.5%;XPAR;;2666.13;2644.46;2644.45994148;;;;;FR0013522596;;;;;;ECB;TR4 Dividend Return;Indices;Percentage;.035;1;365;0;;CALCULATED
FRESG0000165;11-12-2025;;FRESG0000165;FR;EBSNW;EN ESG Biodiversity Screened Wld NR USD;XPAR;;4983.36;5001.18;5001.17575565;;;;;FRESG0000140;;;;.05359673303234;CA87971M1032 US8168511090;WM ;TR1;Indices;;;;;0;;CALCULATED
FRESG0000157;11-12-2025;;FRESG0000157;FR;EBSGW;EN ESG Biodiversity Screened Wld GR USD;XPAR;;5434.15;5453.6;5453.60049334;;;;;FRESG0000140;;;.07381170462036;;CA87971M1032 US8168511090;WM ;TR1;Indices;;;;;0;;CALCULATED
FRESG0000140;11-12-2025;;FRESG0000140;FR;EBSPW;EN ESG Biodiversity Screened Wld USD;XPAR;11941936630.4468;3794.73;3808.24;3808.2424909;45477790499685.321609;500;USD;1;;FRESG0000157;FRESG0000165;;;;WM ;EU Price;Indices;;;;;0;;CALCULATED
FRESG0000082;11-12-2025;;FRESG0000082;FR;EBSWG;EN ESG Biodiversity Screened World GR;XPAR;;6690.30;6648.58;6648.5784886;;;;;FRESG0000066;;;.09095877873736;;CA87971M1032 US8168511090;ECB;TR1;Indices;;;;;0;;CALCULATED
FRESG0000074;11-12-2025;;FRESG0000074;FR;EBSWN;EN ESG Biodiversity Screened World NR;XPAR;;6135.42;6097.12;6097.12356051;;;;;FRESG0000066;;;;.06604826405656;CA87971M1032 US8168511090;ECB;TR1;Indices;;;;;0;;CALCULATED
FRESG0000066;11-12-2025;;FRESG0000066;FR;EBSWP;EN ESG Biodiversity Screened World;XPAR;8331803014.95385;4671.85;4642.63;4642.62663812;38681450620800.281360;500;EUR;1;;FRESG0000082;FRESG0000074;;;;ECB;EU Price;Indices;;;;;0;;CALCULATED
FRESG0000033;11-12-2025;;FRESG0000033;FR;GHCD5;Euronext Global Health Care 50 EW ESG Decrement 5%;XPAR;;2768.78;2766.81;2766.81229148;;;;;FRESG0000017;;;;;;ECB;TR4 Dividend Return;Indices;Percentage;.05;1;365;0;;CALCULATED
FRESG0000025;11-12-2025;;FRESG0000025;FR;GHCGR;Euronext Global Health Care 50 EW ESG GR;XPAR;;6546.13;6542.38;6542.38285865;;;;;FRESG0000009;;;0;;;ECB;TR1;Indices;;;;;0;;CALCULATED
FRESG0000017;11-12-2025;;FRESG0000017;FR;GHCNR;Euronext Global Health Care 50 EW ESG NR;XPAR;;6146.00;6142.49;6142.48663348;;;;;FRESG0000009;;;;0;;ECB;TR1;Indices;;;;;0;;CALCULATED
FRESG0000009;11-12-2025;;FRESG0000009;FR;GHCPR;Euronext Global Health Care 50 EW ESG;XPAR;1012437.30600817;5057.20;5054.31;5054.30977266;5117171769.96320773;50;EUR;1;;FRESG0000025;FRESG0000017;;;;ECB;EU Price;Indices;;;;;0;;CALCULATED
FRCLIM006848;11-12-2025;;FRCLIM006848;NL;PT405;Euronext PAB Transatlantic 40 50D Points;XAMS;;1052.80;1058.18;1058.17776196;;;;;FRCLIM000320;;;;;;ECB;TR4 Dividend Return;Indices;Points;50;1;365;0;;CALCULATED
FRCLIM000684;11-12-2025;;FRCLIM000684;FR;EGGSH;EN Global Green Solutions PAB NR UH;XPAR;;5870.74;5827.92;5827.91617518;;;;;FRCLIM000668;;;;0;;ECB;TR1;Indices;;;;;0;;CALCULATED
FRCLIM000676;11-12-2025;;FRCLIM000676;FR;EGGSG;EN Global Green Solutions PAB GR;XPAR;;6484.87;6437.56;6437.55999973;;;;;FRCLIM000668;;;0;;;ECB;TR1;Indices;;;;;0;;CALCULATED
FRCLIM000668;11-12-2025;;FRCLIM000668;FR;EGGSP;EN Global Green Solutions PAB;XPAR;992660.597154855;4342.31;4310.64;4310.63583267;4278998339.77915035;60;EUR;1;;FRCLIM000676;FRCLIM000684;;;;ECB;EU Price;Indices;;;;;0;;CALCULATED
FRCLIM000650;11-12-2025;;FRCLIM000650;FR;ETC50;EN Transatlantic PAB 40 Capped D50P;XPAR;;1036.28;1037.68;1037.67996258;;;;;FRCLIM000635;;;;;;ECB;TR4 Dividend Return;Indices;Points;50;1;365;0;;CALCULATED
FRCLIM000643;11-12-2025;;FRCLIM000643;FR;ETCD5;EN Transatlantic PAB 40 Capped D5%;XPAR;;4210.91;4216.57;4216.56666033;;;;;FRCLIM000627;;;;;;ECB;TR4 Dividend Return;Indices;Percentage;.05;1;365;0;;CALCULATED
FRCLIM000635;11-12-2025;;FRCLIM000635;FR;ETPCG;EN Transatlantic PAB 40 Capped GR;XPAR;;13036.08;13055.38;13055.38400145;;;;;FRCLIM000619;;;0;;;ECB;TR1;Indices;;;;;0;;CALCULATED
FRCLIM000627;11-12-2025;;FRCLIM000627;FR;ETPCN;EN Transatlantic PAB 40 Capped NR;XPAR;;11419.99;11436.89;11436.89466798;;;;;FRCLIM000619;;;;0;;ECB;TR1;Indices;;;;;0;;CALCULATED
FRCLIM000619;11-12-2025;;FRCLIM000619;FR;ETPCP;EN Transatlantic PAB 40 Capped;XPAR;1009118.03698489;7919.70;7931.43;7931.42524843;8003744277.18861494;40;EUR;1;;FRCLIM000635;FRCLIM000627;;;;ECB;EU Price;Indices;;;;;0;;CALCULATED
FRCLIM000593;11-12-2025;;FRCLIM000593;FR;TP1D5;Euronext Transatlantic PAB 50 10% Cap Decrement 50;XPAR;;990.23;987.16;987.15944425;;;;;FRCLIM000577;;;;;;ECB;TR4 Dividend Return;Indices;Points;50;1;360;0;;CALCULATED
FRCLIM000585;11-12-2025;;FRCLIM000585;FR;TP1CD;Euronext Transatlantic PAB 50 10% Cap Decrement 5%;XPAR;;990.10;987.03;987.02830191;;;;;FRCLIM000569;;;;;;ECB;TR4 Dividend Return;Indices;Percentage;.05;1;360;0;;CALCULATED
FRCLIM000577;11-12-2025;;FRCLIM000577;FR;TP1CG;Euronext Transatlantic PAB 50 10% Cap GR;XPAR;;10277.16;10246.76;10246.75522048;;;;;FRCLIM000551;;;0;;;ECB;TR1;Indices;;;;;0;;CALCULATED
FRCLIM000569;11-12-2025;;FRCLIM000569;FR;TP1CN;Euronext Transatlantic PAB 50 10% Cap NR;XPAR;;9339.11;9311.48;9311.48375344;;;;;FRCLIM000551;;;;0;;ECB;TR1;Indices;;;;;0;;CALCULATED
FRCLIM000551;11-12-2025;;FRCLIM000551;FR;TP1CP;Euronext Transatlantic PAB 50 10% Cap;XPAR;997058.462362516;7150.04;7128.89;7128.8852071;7107915322.94966731;50;EUR;1;;FRCLIM000577;FRCLIM000569;;;;ECB;EU Price;Indices;;;;;0;;CALCULATED
FRCLIM000544;11-12-2025;;FRCLIM000544;FR;TPD5P;Euronext Transatlantic PAB 50 D50P;XPAR;;1030.000;1024.836;1024.83623312;;;;;FRCLIM000122;;;;;;ECB;TR4 Dividend Return;Indices;Points;50;1;360;0;;CALCULATED
FRCLIM000395;11-12-2025;;FRCLIM000395;FR;PT4D4;Euronext PAB Transatlantic 40 D4%;XPAR;;4967.19;4992.64;4992.64217576;;;;;FRCLIM000312;;;;;;ECB;TR4 Dividend Return;Indices;Percentage;.04;1;365;0;;CALCULATED
FRCLIM000346;11-12-2025;;FRCLIM000346;FR;PT450;Euronext PAB Transatlantic 40 D50 Points;XPAR;;994.31;999.38;999.38143471;;;;;FRCLIM000320;;;;;;ECB;TR4 Dividend Return;Indices;Points;50;1;365;0;;CALCULATED
FRCLIM000338;11-12-2025;;FRCLIM000338;FR;PT4D5;Euronext PAB Transatlantic 40 D5%;XPAR;;4066.50;4087.23;4087.22838416;;;;;FRCLIM000312;;;;;;ECB;TR4 Dividend Return;Indices;Percentage;.05;1;365;0;;CALCULATED
FRCLIM000320;11-12-2025;;FRCLIM000320;FR;PBT4G;Euronext PAB Transatlantic 40 GR;XPAR;;12544.40;12610.06;12610.05674928;;;;;FRCLIM000304;;;0;;;ECB;TR1;Indices;;;;;0;;CALCULATED
FRCLIM000312;11-12-2025;;FRCLIM000312;FR;PBT4N;Euronext PAB Transatlantic 40 NR;XPAR;;11033.81;11091.56;11091.55831917;;;;;FRCLIM000304;;;;0;;ECB;TR1;Indices;;;;;0;;CALCULATED
FRCLIM000304;11-12-2025;;FRCLIM000304;FR;PBT4P;Euronext PAB Transatlantic 40;XPAR;991440.980449313;7677.20;7717.38;7717.37813036;7651324940.05857878;40;EUR;1;;FRCLIM000320;FRCLIM000312;;;;ECB;EU Price;Indices;;;;;0;;CALCULATED
FRCLIM000296;11-12-2025;;FRCLIM000296;FR;PBT50;Euronext PAB Transatlantic 60 D50;XPAR;;1007.74;1007.6;1007.59898201;;;;;FRCLIM000270;;;;;;ECB;TR4 Dividend Return;Indices;Points;50;1;365;0;;CALCULATED
FRCLIM000288;11-12-2025;;FRCLIM000288;FR;PBT5D;Euronext PAB Transatlantic 60 D5%;XPAR;;4248.53;4247.95;4247.94792079;;;;;FRCLIM000262;;;;;;ECB;TR4 Dividend Return;Indices;Percentage;.05;1;365;0;;CALCULATED
FRCLIM000270;11-12-2025;;FRCLIM000270;FR;PBTAG;Euronext PAB Transatlantic 60 GR;XPAR;;10442.41;10442.41;10442.4138497;;;;;FRCLIM000254;;;0;;;ECB;TR1;Indices;;;;;0;;CALCULATED
FRCLIM000262;11-12-2025;;FRCLIM000262;FR;PBTAN;Euronext PAB Transatlantic 60 NR;XPAR;;9430.44;9430.45;9430.44680006;;;;;FRCLIM000254;;;;0;;ECB;TR1;Indices;;;;;0;;CALCULATED
FRCLIM000254;11-12-2025;;FRCLIM000254;FR;PBTAP;Euronext PAB Transatlantic 60;XPAR;1002273.6767178;7102.06;7102.06;7102.06148866;7118209280.51178865;60;EUR;1;;FRCLIM000270;FRCLIM000262;;;;ECB;EU Price;Indices;;;;;0;;CALCULATED
FRCLIM000221;11-12-2025;;FRCLIM000221;FR;PABTG;Euronext PAB Transatlantic 50 GR;XPAR;;6480.87;6453.82;6453.82372608;;;;;FRCLIM000205;;;0;;;ECB;TR1;Indices;;;;;0;;CALCULATED
FRCLIM000213;11-12-2025;;FRCLIM000213;FR;PABTN;Euronext PAB Transatlantic 50 NR;XPAR;;5747.82;5723.84;5723.84176096;;;;;FRCLIM000205;;;;0;;ECB;TR1;Indices;;;;;0;;CALCULATED
FRCLIM000205;11-12-2025;;FRCLIM000205;FR;PABTP;Euronext PAB Transatlantic 50;XPAR;1012873.45246984;4152.41;4135.09;4135.08641218;4188319250.56123651;51;EUR;1;;FRCLIM000221;FRCLIM000213;;;;ECB;EU Price;Indices;;;;;0;;CALCULATED
FRCLIM000171;11-12-2025;;FRCLIM000171;FR;PABU5;Euronext PAB North America 50 Decrement 5%;XPAR;;3279.16;3260.67;3260.66511206;;;;;FRCLIM000155;;;;;;ECB;TR4 Dividend Return;Indices;Percentage;.05;1;365;0;;CALCULATED
FRCLIM000163;11-12-2025;;FRCLIM000163;FR;PABUG;Euronext PAB North America 50 GR;XPAR;;8164.11;8119.17;8119.16853402;;;;;FRCLIM000148;;;0;;;ECB;TR1;Indices;;;;;0;;CALCULATED
FRCLIM000155;11-12-2025;;FRCLIM000155;FR;PABUN;Euronext PAB North America 50 NR;XPAR;;7278.41;7238.34;7238.34158927;;;;;FRCLIM000148;;;;0;;ECB;TR1;Indices;;;;;0;;CALCULATED
FRCLIM000148;11-12-2025;;FRCLIM000148;FR;PABUP;Euronext PAB North America 50;XPAR;992441.256576531;5560.25;5529.64;5529.64205962;5487844914.06845306;50;EUR;1;;FRCLIM000163;FRCLIM000155;;;;ECB;EU Price;Indices;;;;;0;;CALCULATED
FRCLIM000130;11-12-2025;;FRCLIM000130;FR;TPAB5;EN Transatlantic PAB 50 Decrement 5%;XPAR;;4989.63;4964.6;4964.60308744;;;;;FRCLIM000114;;;;;;ECB;TR4 Dividend Return;Indices;Percentage;.05;1;365;0;;CALCULATED
FRCLIM000122;11-12-2025;;FRCLIM000122;FR;TPABG;EN Transatlantic PAB 50 GR;XPAR;;12203.41;12143.87;12143.86697045;;;;;FRCLIM000106;;;0;;;ECB;TR1;Indices;;;;;0;;CALCULATED
FRCLIM000114;11-12-2025;;FRCLIM000114;FR;TPABN;EN Transatlantic PAB 50 NR;XPAR;;11073.93;11019.9;11019.90184712;;;;;FRCLIM000106;;;;0;;ECB;TR1;Indices;;;;;0;;CALCULATED
FRCLIM000106;11-12-2025;;FRCLIM000106;FR;TPABP;EN Transatlantic PAB 50;XPAR;997397.684945309;8498.00;8456.54;8456.54360481;8434537014.07539435;50;EUR;1;;FRCLIM000122;FRCLIM000114;;;;ECB;EU Price;Indices;;;;;0;;CALCULATED
FRCLIM000056;11-12-2025;;FRCLIM000056;FR;PFLCW;EN Low Carbon 300 World PAB Proforma;XPAR;480272.347545365;3530.78;3502.35;3502.34985919;1682081788.79764438;301;EUR;1;;;;;;;ECB;EU Price;Indices;;;;;0;;CALCULATED
DUMMY00000US;11-12-2025;;DUMMY00000US;NL;DUMUS;DUMMY INDEX US;XAMS;10000;25257.25;25328.1;25328.0995588;253280995.5879834;1353;EUR;1;;;;;;;ECB;EU Price;Indices;;;;;0;;FIXED
DUMMY00DUUSC;11-12-2025;;DUMMY00DUUSC;NL;DUUSC;DUMMY INDEX USD;XAMS;1.2330092130565;1845.59;1856.78;1856.77795395;2289.42432382;26;USD;1;;;;;;;WM ;EU Price;Indices;;;;;0;;FIXED
