#Symbol;System Date;Change;IsinCode;Country;Mnemo;Name;MIC;Divisor;t-1 IV;t0 IV;t0 IV unround;Mkt Cap;Nr of components;Curr;FX;ISIN Underlying Price Index;ISIN Gross Return version;ISIN Net Return version;Effect Gross Total Return;Effect Net Total Return ;Stocks Effect Index;Dividend Currency Type;Calculation Type;Index Type;Return Method;Return Value;Number Of Days;Yearly Days;Dead Flag
QS0011256193;17-09-2024;;QS0011256193;NL;ENVG;EN Vigeo US 50 GR;XAMS;;5667.46;5663.66;5663.66118373;;;;;QS0011256169;;;.18700231607232;;US2788651006;WM ;TR1;Indices;;;;;0
QS0011256185;17-09-2024;;QS0011256185;NL;ENVN;EN Vigeo US 50 NR;XAMS;;5107.99;5104.49;5104.49110401;;;;;QS0011256169;;;;.13090162125062;US2788651006;WM ;TR1;Indices;;;;;0
QS0011256169;17-09-2024;;QS0011256169;NL;ENVU;EN Vigeo US 50;XAMS;839.249863297445;3984.92;3982.06;3982.05659971;3341940.4569468;51;USD;1;;QS0011256193;QS0011256185;;;;WM ;EU Price;Indices;;;;;0
QS0011250865;17-09-2024;;QS0011250865;NL;ENVWG;EN Vigeo W 120 GR;XAMS;;3104.00;3112.17;3112.17048098;;;;;QS0011250840;;;.03417060929187;;US2788651006;WM ;TR1;Indices;;;;;0
QS0011250857;17-09-2024;;QS0011250857;NL;ENVWN;EN Vigeo W 120 NR;XAMS;;2803.48;2810.84;2810.8433787;;;;;QS0011250840;;;;.02391942650431;US2788651006;WM ;TR1;Indices;;;;;0
QS0011250840;17-09-2024;;QS0011250840;NL;ENVW;EN Vigeo World 120;XAMS;859.798224522516;1978.29;1983.46;1983.45778587;1705373.48270551;120;USD;1;;QS0011250865;QS0011250857;;;;WM ;EU Price;Indices;;;;;0
NL0015436130;17-09-2024;;NL0015436130;NL;NA5GR;Euronext North America 500 GR;XAMS;;6808.37;6807.65;6807.6466273;;;;;NL0015436114;;;.09913283629338;;US0320951017 US1720621010 US2788651006 US4461501045 US5128071082 US7458671010 US92537N1081;ECB;TR1;Indices;;;;;0
NL0015436122;17-09-2024;;NL0015436122;NL;NA5NR;Euronext North America 500 NR;XAMS;;6080.78;6080.1;6080.10304472;;;;;NL0015436114;;;;.06939298540537;US0320951017 US1720621010 US2788651006 US4461501045 US5128071082 US7458671010 US92537N1081;ECB;TR1;Indices;;;;;0
NL0015436114;17-09-2024;;NL0015436114;NL;NA500;Euronext North America 500;XAMS;9504264056.04769;4619.96;4619.37;4619.37322652;43903742918259.753870;501;EUR;1;;NL0015436130;NL0015436122;;;;ECB;EU Price;Indices;;;;;0
NL0015000I97;17-09-2024;;NL0015000I97;NL;ENWG;Euronext World GR;XAMS;;4919.14;4917.78;4917.7825753;;;;;NL0015000IB0;;;.05247418771124;;AU000000COH5 US0320951017 US1720621010 US2788651006 US4461501045 US5128071082 US7458671010 US92537N1081;ECB;TR1;Indices;;;;;0
NL0015000I89;17-09-2024;;NL0015000I89;NL;ENDMP;Euronext Developed Market;XAMS;19577486013.4314;3103.14;3102.26;3102.26422415;60734534458299.749284;1542;EUR;1;;NL0015000I63;NL0015000I71;;;;ECB;EU Price;Indices;;;;;0
NL0015000I71;17-09-2024;;NL0015000I71;NL;ENDMN;Euronext Developed Market NR;XAMS;;4414.36;4413.16;4413.16421095;;;;;NL0015000I89;;;;.03769238282112;AU000000COH5 US0320951017 US1720621010 US2788651006 US4461501045 US5128071082 US7458671010 US92537N1081;ECB;TR1;Indices;;;;;0
NL0015000I63;17-09-2024;;NL0015000I63;NL;ENDMG;Euronext Developed Market GR;XAMS;;4919.96;4918.65;4918.65051409;;;;;NL0015000I89;;;.05238575019034;;AU000000COH5 US0320951017 US1720621010 US2788651006 US4461501045 US5128071082 US7458671010 US92537N1081;ECB;TR1;Indices;;;;;0
NL0015000IB0;17-09-2024;;NL0015000IB0;NL;ENWP;Euronext World;XAMS;19544491041.9224;3103.26;3102.35;3102.34796091;60633811931008.526504;1499;EUR;1;;NL0015000I97;NL0015000IA2;;;;ECB;EU Price;Indices;;;;;0
NL0015000IA2;17-09-2024;;NL0015000IA2;NL;ENWN;Euronext World NR;XAMS;;4413.88;4412.64;4412.63859074;;;;;NL0015000IB0;;;;.037756015028;AU000000COH5 US0320951017 US1720621010 US2788651006 US4461501045 US5128071082 US7458671010 US92537N1081;ECB;TR1;Indices;;;;;0
NL0015000E91;17-09-2024;;NL0015000E91;FR;EWCSP;Euronext World Country selection;XPAR;15405141807.682;3442.44;3438.88;3438.88414705;52976497945467.285676;1092;EUR;1;;NL0015000E75;NL0015000EB9;;;;ECB;EU Price;Indices;;;;;0
NL0015000E75;17-09-2024;;NL0015000E75;FR;EWCSG;Euronext World Country selection GR;XPAR;;5279.47;5274.13;5274.12882136;;;;;NL0015000E91;;;.06657395981535;;AU000000COH5 US0320951017 US1720621010 US2788651006 US4461501045 US5128071082 US7458671010 US92537N1081;ECB;TR1;Indices;;;;;0
NL0015000EG8;17-09-2024;;NL0015000EG8;FR;EVEWN;EN V.E ESG World-Select 75 Bund/SV NR;XPAR;;5322.95;5308.4;5308.39811302;;;;;NL0015000ED5;;;;.07487033951964;US2788651006;ECB;TR1;Indices;;;;;0
NL0015000ED5;17-09-2024;;NL0015000ED5;FR;EVEWP;EN V.E ESG World-Select 75 Bund/SV;XPAR;350719.320882346;3976.17;3965.22;3965.22160131;1390679827.16003824;75;EUR;1;;NL0015000EA1;NL0015000EG8;;;;ECB;EU Price;Indices;;;;;0
NL0015000EB9;17-09-2024;;NL0015000EB9;FR;EWCSN;Euronext World Country selection NR;XPAR;;4761.58;4756.73;4756.73335621;;;;;NL0015000E91;;;;.04790102595002;AU000000COH5 US0320951017 US1720621010 US2788651006 US4461501045 US5128071082 US7458671010 US92537N1081;ECB;TR1;Indices;;;;;0
NL0015000EA1;17-09-2024;;NL0015000EA1;FR;EVEWG;EN V.E ESG World-Select 75 Bund/SV GR;XPAR;;5903.86;5887.77;5887.76831384;;;;;NL0015000ED5;;;.10695762788522;;US2788651006;ECB;TR1;Indices;;;;;0
NL0015000BX9;17-09-2024;;NL0015000BX9;FR;ETE5P;EN Transatlantic Environment 50;XPAR;431812128.215817;4953.25;4961.86;4961.85589866;2142589555502.2172628;50;EUR;1;;NL0015000BV3;NL0015000BQ3;;;;ECB;EU Price;Indices;;;;;0
NL0015000BW1;17-09-2024;;NL0015000BW1;FR;ETE5D;EN Transatlantic Environment 50 D5%;XPAR;;3140.78;3145.81;3145.80644972;;;;;NL0015000BQ3;;;;;;ECB;TR4 Dividend Return;Indices;Percentage;.05;1;365;0
NL0015000BV3;17-09-2024;;NL0015000BV3;FR;ETE5G;EN Transatlantic Environment 50 GR;XPAR;;7256.36;7268.96;7268.96223545;;;;;NL0015000BX9;;;0;;;ECB;TR1;Indices;;;;;0
NL0015000BQ3;17-09-2024;;NL0015000BQ3;FR;ETEGN;EN Transatlantic Environment 50 NR;XPAR;;6554.83;6566.22;6566.21674651;;;;;NL0015000BX9;;;;0;;ECB;TR1;Indices;;;;;0
NL0015000A95;17-09-2024;;NL0015000A95;FR;EUED5;Euronext US ESGL 20 EW Decrement 5%;XPAR;;1635.78;1623.48;1623.48000594;;;;;NL0015000A79;;;;;;ECB;TR4 Dividend Return;Indices;Percentage;.05;1;365;0
NL0015000A87;17-09-2024;;NL0015000A87;FR;EUEGR;Euronext US ESGL 20 EW GR;XPAR;;4777.14;4741.89;4741.88560099;;;;;NL0015000A61;;;0;;;WM ;TR1;Indices;;;;;0
NL0015000A79;17-09-2024;;NL0015000A79;FR;EUENR;Euronext US ESGL 20 EW NR;XPAR;;4172.04;4141.25;4141.25060442;;;;;NL0015000A61;;;;0;;WM ;TR1;Indices;;;;;0
NL0015000A61;17-09-2024;;NL0015000A61;FR;EUEPR;Euronext US ESGL 20 EW;XPAR;1015787.92894922;3011.62;2989.39;2989.38903221;3036585293.85;20;USD;1;;NL0015000A87;NL0015000A79;;;;WM ;EU Price;Indices;;;;;0
NL0013941016;17-09-2024;;NL0013941016;FR;WLESG;EN CDP Environment ESG World EW D5%;XPAR;;1630.79;1633.53;1633.53164399;;;;;NL0013940992;;;;;;ECB;TR4 Dividend Return;Indices;Percentage;.05;1;365;0
NL0013941008;17-09-2024;;NL0013941008;FR;WESGG;EN CDP Environment ESG World EW GR;XPAR;;4728.28;4736.88;4736.87522044;;;;;NL0013940984;;;0;;;ECB;TR1;Indices;;;;;0
NL0013940992;17-09-2024;;NL0013940992;FR;WESGN;EN CDP Environment ESG World EW NR;XPAR;;4159.65;4167.21;4167.21411893;;;;;NL0013940984;;;;0;;ECB;TR1;Indices;;;;;0
NL0013940984;17-09-2024;;NL0013940984;FR;WESGP;EN CDP Environment ESG World EW;XPAR;1003301.21634793;2732.37;2737.34;2737.33524871;2746371784.58401009;40;EUR;1;;NL0013941008;NL0013940992;;;;ECB;EU Price;Indices;;;;;0
NL0013908809;17-09-2024;;NL0013908809;FR;ESGTL;EN Transatlantic ESG Leaders 60 EW D 5%;XPAR;;1610.69;1612.88;1612.87996715;;;;;NL0013908783;;;;;;ECB;TR4 Dividend Return;Indices;Percentage;.05;1;365;0
NL0013908791;17-09-2024;;NL0013908791;FR;ESGTG;EN Transatlantic ESG Leaders 60 EW GR;XPAR;;4772.40;4779.56;4779.55630617;;;;;NL0013908775;;;0;;;ECB;TR1;Indices;;;;;0
NL0013908783;17-09-2024;;NL0013908783;FR;ESGTN;EN Transatlantic ESG Leaders 60 EW NR;XPAR;;4108.31;4114.47;4114.4674868;;;;;NL0013908775;;;;0;;ECB;TR1;Indices;;;;;0
NL0013908775;17-09-2024;;NL0013908775;FR;ESGTP;EN Transatlantic ESG Leaders 60 EW;XPAR;1015937.3338676;2660.24;2664.22;2664.22404538;2706684673.48871469;60;EUR;1;;NL0013908791;NL0013908783;;;;ECB;EU Price;Indices;;;;;0
NL0013352636;17-09-2024;;NL0013352636;NL;WLENV;Euronext CDP Environment World EW D5%;XAMS;;1798.89;1801.59;1801.59476503;;;;;NL0013352610;;;;;;ECB;TR4 Dividend Return;Indices;Percentage;.05;1;365;0
NL0013352628;17-09-2024;;NL0013352628;NL;WLENG;Euronext CDP Environment World EW GR;XAMS;;5223.90;5232.48;5232.47653825;;;;;NL0013352602;;;0;;;ECB;TR1;Indices;;;;;0
NL0013352610;17-09-2024;;NL0013352610;NL;WLENN;Euronext CDP Environment World EW NR;XAMS;;4588.32;4595.86;4595.85544648;;;;;NL0013352602;;;;0;;ECB;TR1;Indices;;;;;0
NL0013352602;17-09-2024;;NL0013352602;NL;WLENP;Euronext CDP Environment World EW;XAMS;1016073.58236253;3009.75;3014.69;3014.68739611;3063144222.2733111;40;EUR;1;;NL0013352628;NL0013352610;;;;ECB;EU Price;Indices;;;;;0
NL0013216492;17-09-2024;;NL0013216492;NL;EUS5D;EN Transatlantic 50 EW D5%;XAMS;;1318.99;1324.43;1324.43304604;;;;;NL0013216476;;;;;;ECB;TR4 Dividend Return;Indices;Percentage;.05;1;365;0
NL0013216484;17-09-2024;;NL0013216484;NL;EUS5G;EN Transatlantic 50 EW GR;XAMS;;3935.14;3951.92;3951.92069372;;;;;NL0013216468;;;0;;;ECB;TR1;Indices;;;;;0
NL0013216476;17-09-2024;;NL0013216476;NL;EUS5N;EN Transatlantic 50 EW NR;XAMS;;3364.30;3378.64;3378.64466388;;;;;NL0013216468;;;;0;;ECB;TR1;Indices;;;;;0
NL0013216468;17-09-2024;;NL0013216468;NL;EUS5P;EN Transatlantic 50 EW;XAMS;999831.526652552;2123.27;2132.32;2132.31911892;2131959879.97952495;50;EUR;1;;NL0013216484;NL0013216476;;;;ECB;EU Price;Indices;;;;;0
NL0012939078;17-09-2024;;NL0012939078;NL;ERGSD;EN RM GRESB Global Sustainable Decrement;XAMS;;1178.20;1172.98;1172.98072285;;;;;NL0012939060;;;;;;ECB;TR4 Dividend Return;Indices;Percentage;.05;1;365;0
NL0012939060;17-09-2024;;NL0012939060;NL;ERGSN;EN RM GRESB Global Sustainable NR;XAMS;;3002.61;2989.71;2989.71436523;;;;;NL0012838809;;;;0;;ECB;TR1;Indices;;;;;0
NL0012838809;17-09-2024;;NL0012838809;NL;ERGSP;EN RM GRESB Global Sustainable;XAMS;1105074.96510934;1384.95;1379.01;1379.00518441;1523904106.04543239;30;EUR;1;;;NL0012939060;;;;ECB;EU Price;Indices;;;;;0
NL0012645253;17-09-2024;;NL0012645253;NL;ERGBD;EN Reitsmarket Global Balanced DECR;XAMS;;1292.91;1289.04;1289.03508416;;;;;NL0012645246;;;;;;ECB;TR4 Dividend Return;Indices;Percentage;.0475;1;365;0
NL0012645246;17-09-2024;;NL0012645246;NL;ERGBN;Euronext Reitsmarket Global Balanced NR;XAMS;;3145.08;3136.05;3136.04951248;;;;;NL0012645238;;;;0;;ECB;TR1;Indices;;;;;0
NL0012645238;17-09-2024;;NL0012645238;NL;ERGBP;Euronext Reitsmarket Global Balanced;XAMS;230111280.120036;1513.69;1509.35;1509.34822781;347318052848.81450299;40;EUR;1;;;NL0012645246;;;;ECB;EU Price;Indices;;;;;0
NL0012645220;17-09-2024;;NL0012645220;NL;ERGCD;EN Reitsmarket Global Conviction DECR;XAMS;;1326.72;1321.92;1321.92295501;;;;;NL0012645212;;;;;;ECB;TR4 Dividend Return;Indices;Percentage;.0475;1;365;0
NL0012645212;17-09-2024;;NL0012645212;NL;ERGCN;EN Reitsmarket Global Conviction NR;XAMS;;3227.14;3215.89;3215.88779476;;;;;NL0012645204;;;;0;;ECB;TR1;Indices;;;;;0
NL0012645204;17-09-2024;;NL0012645204;NL;ERGCP;EN Reitsmarket Global Conviction;XAMS;141256923.283068;1560.65;1555.21;1555.2078065;219683869811.96823119;30;EUR;1;;;NL0012645212;;;;ECB;EU Price;Indices;;;;;0
NLIX00003128;17-09-2024;;NLIX00003128;NL;AERD5;Euronext Aerospace and Defense D5%;XAMS;;4912.43;4843.78;4843.77721216;;;;;NLIX00003102;;;;;;ECB;TR4 Dividend Return;Indices;Percentage;.05;1;365;0
NLIX00003110;17-09-2024;;NLIX00003110;NL;ARD35;Euronext Aerospace and Defense D3.5%;XAMS;;6125.92;6040.56;6040.56091608;;;;;NLIX00003102;;;;;;ECB;TR4 Dividend Return;Indices;Percentage;.035;1;365;0
NLIX00003102;17-09-2024;;NLIX00003102;NL;AERDN;Euronext Aerospace and Defense NR;XAMS;;10252.99;10111.1;10111.09738883;;;;;NLIX00003086;;;;0;;ECB;TR1;Indices;;;;;0
NLIX00003094;17-09-2024;;NLIX00003094;NL;AERDG;Euronext Aerospace and Defense GR;XAMS;;10946.40;10794.91;10794.91001156;;;;;NLIX00003086;;;0;;;ECB;TR1;Indices;;;;;0
NLIX00003086;17-09-2024;;NLIX00003086;NL;AERDP;Euronext Aerospace and Defense PR;XAMS;42853200.2243929;8109.03;7996.81;7996.8073214;342688785300.000491;25;EUR;1;;NLIX00003094;NLIX00003102;;;;ECB;EU Price;Indices;;;;;0
NLIX00003037;17-09-2024;;NLIX00003037;NL;ESC50;Euronext US Consumer Sector D50;XAMS;;900.44;901.42;901.42025219;;;;;NLIX00003003;;;;;;ECB;TR4 Dividend Return;Indices;Points;50;1;365;0
NLIX00003029;17-09-2024;;NLIX00003029;NL;ESC5D;Euronext US Consumer Sector D5%;XAMS;;5902.14;5908.68;5908.68355685;;;;;NLIX00003011;;;;;;ECB;TR4 Dividend Return;Indices;Percentage;.05;1;365;0
NLIX00003011;17-09-2024;;NLIX00003011;NL;EUSCN;Euronext US Consumer Sector NR;XAMS;;12316.40;12331.75;12331.74606439;;;;;NLIX00002997;;;;0;;ECB;TR1;Indices;;;;;0
NLIX00003003;17-09-2024;;NLIX00003003;NL;EUSCG;Euronext US Consumer Sector GR;XAMS;;13189.81;13206.24;13206.24350988;;;;;NLIX00002997;;;0;;;ECB;TR1;Indices;;;;;0
NLIX00002997;17-09-2024;;NLIX00002997;NL;EUSCS;Euronext US Consumer Sector;XAMS;987726271.858236;10496.32;10509.4;10509.39664216;10380407164839.909944;20;EUR;1;;NLIX00003003;NLIX00003011;;;;ECB;EU Price;Indices;;;;;0
NLIX00002252;17-09-2024;;NLIX00002252;NL;CANGT;EN Canada Total Market GR;XAMS;;3439.76;3435.58;3435.58115291;;;;;NLIX00002237;;;.01931159664999;;CA5527041084;ECB;TR1;Indices;;;;;0
NLIX00002245;17-09-2024;;NLIX00002245;NL;CANNT;EN Canada Total Market NR;XAMS;;3075.94;3072.2;3072.20209755;;;;;NLIX00002237;;;;.01448369748749;CA5527041084;ECB;TR1;Indices;;;;;0
NLIX00002237;17-09-2024;;NLIX00002237;NL;CANPT;EN Canada Total Market;XAMS;942785501.267917;2199.20;2196.51;2196.51032527;2070838088051.3367522;233;EUR;1;;NLIX00002252;NLIX00002245;;;;ECB;EU Price;Indices;;;;;0
NLIX00002161;17-09-2024;;NLIX00002161;NL;EUSGT;EN USA Total Market GR;XAMS;;8749.52;8756.65;8756.65067486;;;;;NLIX00002146;;;.13458676066686;;US0320951017 US08265T2087 US1720621010 US26969P1084 US2788651006 US4461501045 US4660321096 US5128071082 US7458671010 US92537N1081;ECB;TR1;Indices;;;;;0
NLIX00002153;17-09-2024;;NLIX00002153;NL;EUSNT;EN USA Total Market NR;XAMS;;8065.34;8071.86;8071.85583907;;;;;NLIX00002146;;;;.0942107324668;US0320951017 US08265T2087 US1720621010 US26969P1084 US2788651006 US4461501045 US4660321096 US5128071082 US7458671010 US92537N1081;ECB;TR1;Indices;;;;;0
NLIX00002146;17-09-2024;;NLIX00002146;NL;EUSPT;EN USA Total Market;XAMS;7229996144.16671;6634.62;6639.89;6639.8924279;48006396651427.082725;1502;EUR;1;;NLIX00002161;NLIX00002153;;;;ECB;EU Price;Indices;;;;;0
NLIX00002047;17-09-2024;;NLIX00002047;NL;DNAGT;EN Developed NA Total Market GR;XAMS;;8244.42;8250.52;8250.51912154;;;;;NLIX00002021;;;.12248700065452;;CA5527041084 US0320951017 US08265T2087 US1720621010 US26969P1084 US2788651006 US4461501045 US4660321096 US5128071082 US7458671010 US92537N1081;ECB;TR1;Indices;;;;;0
NLIX00002039;17-09-2024;;NLIX00002039;NL;DNANT;EN Developed NA Total Market NR;XAMS;;7587.68;7593.25;7593.2509682;;;;;NLIX00002021;;;;.08585338680071;CA5527041084 US0320951017 US08265T2087 US1720621010 US26969P1084 US2788651006 US4461501045 US4660321096 US5128071082 US7458671010 US92537N1081;ECB;TR1;Indices;;;;;0
NLIX00002021;17-09-2024;;NLIX00002021;NL;DNAPT;EN Developed NA Total Market;XAMS;8092846169.04921;6193.24;6197.7;6197.69662923;50157005422755.589926;1784;EUR;1;;NLIX00002047;NLIX00002039;;;;ECB;EU Price;Indices;;;;;0
NLIX00001890;17-09-2024;;NLIX00001890;NL;CANG;Euronext Canada GR;XAMS;;3438.81;3431.49;3431.49161008;;;;;NLIX00001874;;;.02147877441312;;CA5527041084;ECB;TR1;Indices;;;;;0
NLIX00001882;17-09-2024;;NLIX00001882;NL;CANN;Euronext Canada NR;XAMS;;3066.93;3060.4;3060.40422362;;;;;NLIX00001874;;;;.01610908080984;CA5527041084;ECB;TR1;Indices;;;;;0
NLIX00001874;17-09-2024;;NLIX00001874;NL;CANP;Euronext Canada;XAMS;847659786.25021;2175.48;2170.83;2170.83121664;1840126325083.2285074;75;EUR;1;;NLIX00001890;NLIX00001882;;;;ECB;EU Price;Indices;;;;;0
NLIX00001809;17-09-2024;;NLIX00001809;NL;EUSG;Euronext USA GR;XAMS;;8748.06;8748.73;8748.72958053;;;;;NLIX00001783;;;.14673834411096;;US0320951017 US1720621010 US2788651006 US4461501045 US5128071082 US7458671010 US92537N1081;ECB;TR1;Indices;;;;;0
NLIX00001791;17-09-2024;;NLIX00001791;NL;EUSN;Euronext USA NR;XAMS;;8052.14;8052.7;8052.7037358;;;;;NLIX00001783;;;;.10271684087768;US0320951017 US1720621010 US2788651006 US4461501045 US5128071082 US7458671010 US92537N1081;ECB;TR1;Indices;;;;;0
NLIX00001783;17-09-2024;;NLIX00001783;NL;EUSP;Euronext USA;XAMS;6426952072.76874;6604.47;6604.83;6604.82962947;42448923477436.908664;409;EUR;1;;NLIX00001809;NLIX00001791;;;;ECB;EU Price;Indices;;;;;0
NLIX00001684;17-09-2024;;NLIX00001684;NL;DNAG;Euronext Developed North America GR;XAMS;;8257.51;8257.42;8257.4212883;;;;;NLIX00001668;;;.13305991569123;;CA5527041084 US0320951017 US1720621010 US2788651006 US4461501045 US5128071082 US7458671010 US92537N1081;ECB;TR1;Indices;;;;;0
NLIX00001676;17-09-2024;;NLIX00001676;NL;DNAN;Euronext Developed North America NR;XAMS;;7588.56;7588.43;7588.4268005;;;;;NLIX00001668;;;;.09326794815362;CA5527041084 US0320951017 US1720621010 US2788651006 US4461501045 US5128071082 US7458671010 US92537N1081;ECB;TR1;Indices;;;;;0
NLIX00001668;17-09-2024;;NLIX00001668;NL;DNAP;Euronext Developed North America;XAMS;7224467212.17868;6176.38;6176.18;6176.1828506;44619630500591.550388;505;EUR;1;;NLIX00001684;NLIX00001676;;;;ECB;EU Price;Indices;;;;;0
NLIX00001593;17-09-2024;;NLIX00001593;NL;EDWG;Euronext Developed World GR;XAMS;;5980.49;5979.3;5979.30306426;;;;;NLIX00001577;;;.07061226124501;;AU000000COH5 CA5527041084 US0320951017 US08265T2087 US1720621010 US2788651006 US4461501045 US5128071082 US7458671010 US92537N1081;ECB;TR1;Indices;;;;;0
NLIX00001585;17-09-2024;;NLIX00001585;NL;EDWN;Euronext Developed World NR;XAMS;;5494.88;5493.77;5493.76703352;;;;;NLIX00001577;;;;.05082757844865;AU000000COH5 CA5527041084 US0320951017 US08265T2087 US1720621010 US2788651006 US4461501045 US5128071082 US7458671010 US92537N1081;ECB;TR1;Indices;;;;;0
NLIX00001577;17-09-2024;;NLIX00001577;NL;EDWP;Euronext Developed World;XAMS;14957522725.2199;4216.59;4215.68;4215.68495442;63056203508096.179606;1646;EUR;1;;NLIX00001593;NLIX00001585;;;;ECB;EU Price;Indices;;;;;0
NLIX00001031;17-09-2024;;NLIX00001031;NL;ENZTG;Euronext EZ Transatlantic GR;XAMS;;6836.84;6841.05;6841.04607095;;;;;NLIX00001015;;;.09282384402468;;US0320951017 US1720621010 US2788651006 US4461501045 US5128071082 US7458671010 US92537N1081;ECB;TR1;Indices;;;;;0
NLIX00001023;17-09-2024;;NLIX00001023;NL;ENZTN;Euronext EZ Transatlantic NR;XAMS;;6235.60;6239.4;6239.40223829;;;;;NLIX00001015;;;;.06497669081728;US0320951017 US1720621010 US2788651006 US4461501045 US5128071082 US7458671010 US92537N1081;ECB;TR1;Indices;;;;;0
NLIX00001015;17-09-2024;;NLIX00001015;NL;ENZTP;Euronext EZ Transatlantic;XAMS;10150243858.7516;4905.20;4908.13;4908.1255336;49818671055394.326884;802;EUR;1;;NLIX00001031;NLIX00001023;;;;ECB;EU Price;Indices;;;;;0
NLIX00001007;17-09-2024;;NLIX00001007;FR;HSPCG;Euronext Helios Space Index GR;XPAR;;7779.70;7722.2;7722.20495497;;;;;NLIX00000983;;;0;;;ECB;TR1;Indices;;;;;0
NLIX00000991;17-09-2024;;NLIX00000991;FR;HSPCN;Euronext Helios Space Index NR;XPAR;;7424.91;7370.04;7370.03736146;;;;;NLIX00000983;;;;0;;ECB;TR1;Indices;;;;;0
NLIX00000983;17-09-2024;;NLIX00000983;FR;HSPCP;Euronext Helios Space Index;XPAR;91462630.4020555;5924.60;5880.81;5880.81044873;537874392536.5653031;32;EUR;1;;NLIX00001007;NLIX00000991;;;;ECB;EU Price;Indices;;;;;0
NLIX00000975;17-09-2024;;NLIX00000975;FR;HSPAG;Euronext Helios Space All-Share Index GR;XPAR;;7737.81;7681.64;7681.63763248;;;;;NLIX00000959;;;0;;;ECB;TR1;Indices;;;;;0
NLIX00000967;17-09-2024;;NLIX00000967;FR;HSPAN;Euronext Helios Space All-Share Index NR;XPAR;;7384.95;7331.34;7331.33605004;;;;;NLIX00000959;;;;0;;ECB;TR1;Indices;;;;;0
NLIX00000959;17-09-2024;;NLIX00000959;FR;HSPAP;Euronext Helios Space All-Share Index;XPAR;92954762.166666;5892.88;5850.1;5850.10113278;543794759448.3059548;52;EUR;1;;NLIX00000975;NLIX00000967;;;;ECB;EU Price;Indices;;;;;0
NLIX00000942;17-09-2024;;NLIX00000942;NL;ENTG;Euronext Transatlantic GR;XAMS;;6284.73;6289.14;6289.14379627;;;;;NLIX00000926;;;.076465747072;;US0320951017 US1720621010 US2788651006 US4461501045 US5128071082 US7458671010 US92537N1081;ECB;TR1;Indices;;;;;0
NLIX00000934;17-09-2024;;NLIX00000934;NL;ENTN;Euronext Transatlantic NR;XAMS;;5759.86;5763.87;5763.87158056;;;;;NLIX00000926;;;;.0535260229504;US0320951017 US1720621010 US2788651006 US4461501045 US5128071082 US7458671010 US92537N1081;ECB;TR1;Indices;;;;;0
NLIX00000926;17-09-2024;;NLIX00000926;NL;ENTP;Euronext Transatlantic;XAMS;12321656281.8656;4426.51;4429.54;4429.54080458;54579279280493.322915;1002;EUR;1;;NLIX00000942;NLIX00000934;;;;ECB;EU Price;Indices;;;;;0
NLIX00000025;17-09-2024;;NLIX00000025;NL;EDMGU;Euronext Developed Market GR USD;XAMS;;1215.82;1215.56;1215.55775749;;;;;NLIX00000009;;;.01936342281412;;AU000000COH5 US0320951017 US1720621010 US2788651006 US4461501045 US5128071082 US7458671010 US92537N1081;WM ;TR1;Indices;;;;;0
NLIX00000017;17-09-2024;;NLIX00000017;NL;EDMNU;Euronext Developed Market NR USD;XAMS;;1199.55;1199.28;1199.2762402;;;;;NLIX00000009;;;;.01393168417885;AU000000COH5 US0320951017 US1720621010 US2788651006 US4461501045 US5128071082 US7458671010 US92537N1081;WM ;TR1;Indices;;;;;0
NLIX00000009;17-09-2024;;NLIX00000009;NL;EDMPU;Euronext Developed Market USD;XAMS;58920339055.8287;1146.98;1146.7;1146.70417459;67564198763390.952057;1542;USD;1;;NLIX00000025;NLIX00000017;;;;WM ;EU Price;Indices;;;;;0
NLESG0000063;17-09-2024;;NLESG0000063;NL;EDWEG;Euronext Developed World ESG Screened GR;XAMS;;6196.43;6194.66;6194.65560734;;;;;NLESG0000048;;;.08038361430808;;AU000000COH5 US0320951017 US1720621010 US2788651006 US4461501045 US5128071082 US7458671010 US92537N1081;ECB;TR1;Indices;;;;;0
NLESG0000055;17-09-2024;;NLESG0000055;NL;EDWEN;Euronext Developed World ESG Screened NR;XAMS;;5702.40;5700.74;5700.7381212;;;;;NLESG0000048;;;;.05783729262322;AU000000COH5 US0320951017 US1720621010 US2788651006 US4461501045 US5128071082 US7458671010 US92537N1081;ECB;TR1;Indices;;;;;0
NLESG0000048;17-09-2024;;NLESG0000048;NL;EDWEP;Euronext Developed World ESG Screened;XAMS;12758586441.8066;4418.05;4416.7;4416.70035334;56350853245673.783378;1435;EUR;1;;NLESG0000063;NLESG0000055;;;;ECB;EU Price;Indices;;;;;0
FR0014005IM1;17-09-2024;;FR0014005IM1;FR;USCEN;EN US Screened Climate Amb 25 EW NR EUR;XPAR;;7147.78;7124.68;7124.68041572;;;;;FR0014005IJ7;;;;0;;ECB;TR1;Indices;;;;;0
FR0014005IJ7;17-09-2024;;FR0014005IJ7;FR;USCLE;EN US Screened Climate Amb 25 EW EUR;XPAR;996413.07525193;5707.49;5689.04;5689.03906825;5668632913.22704873;25;EUR;1;;FR0014005II9;FR0014005IM1;;;;ECB;EU Price;Indices;;;;;0
FR0014005II9;17-09-2024;;FR0014005II9;FR;USCEG;EN US Screened Climate Amb 25 EW GR EUR;XPAR;;7870.04;7844.61;7844.60641214;;;;;FR0014005IJ7;;;0;;;ECB;TR1;Indices;;;;;0
FR0014005GK9;17-09-2024;;FR0014005GK9;FR;USCLG;EN US Screened Climate Ambition 25 EW GR;XPAR;;6102.00;6082.55;6082.55351967;;;;;FR0014005GE2;;;0;;;WM ;TR1;Indices;;;;;0
FR0014005GI3;17-09-2024;;FR0014005GI3;FR;TCAMP;EN Transatl Sustain and Cl Scr 60;XPAR;1006620.26466935;4673.42;4685.74;4685.73796146;4716758786.94;2;EUR;1;;FR0014005GG7;;;;;ECB;EU Price;Indices;;;;;0
FR0014005GH5;17-09-2024;;FR0014005GH5;FR;USCLN;EN US Screened Climate Ambition 25 EW NR;XPAR;;5541.96;5524.3;5524.29648117;;;;;FR0014005GE2;;;;0;;WM ;TR1;Indices;;;;;0
FR0014005GG7;17-09-2024;;FR0014005GG7;FR;TCAMG;EN Transatl Sustain and Cl Scr 60 GR;XPAR;;4673.42;4685.74;4685.73796146;;;;;FR0014005GI3;;;0;;;ECB;TR1;Indices;;;;;0
FR0014005GF9;17-09-2024;;FR0014005GF9;FR;TCAMB;EN Transatl Sustain and Cl Scr 60 D50P;XPAR;;1130.89;1133.74;1133.73683626;;;;;FR0014005GG7;;;;;;ECB;TR4 Dividend Return;Indices;Points;50;1;365;0
FR0014005GE2;17-09-2024;;FR0014005GE2;FR;USCLA;EN US Screened Climate Ambition 25 EW;XPAR;996413.443538918;4425.17;4411.06;4411.06258591;4395242060.89;25;USD;1;;FR0014005GK9;FR0014005GH5;;;;WM ;EU Price;Indices;;;;;0
FR0014004PU2;17-09-2024;;FR0014004PU2;FR;TESGN;EN CDP Environment Transatlantic EW NR;XPAR;;3907.24;3918.6;3918.5966183;;;;;FR0014004PQ0;;;;0;;ECB;TR1;Indices;;;;;0
FR0014004PS6;17-09-2024;;FR0014004PS6;FR;TLESG;EN CDP Environment Transatlantic EW D5%;XPAR;;1531.82;1536.06;1536.05838276;;;;;FR0014004PU2;;;;;;ECB;TR4 Dividend Return;Indices;Percentage;.05;1;365;0
FR0014004PR8;17-09-2024;;FR0014004PR8;FR;TESGG;EN CDP Environment Transatlantic EW GR;XPAR;;4412.60;4425.42;4425.42485287;;;;;FR0014004PQ0;;;0;;;ECB;TR1;Indices;;;;;0
FR0014004PQ0;17-09-2024;;FR0014004PQ0;FR;TESGP;EN CDP Environment Transatlantic EW;XPAR;1018304.56351594;2602.06;2609.63;2609.62779351;2657395891.20544579;40;EUR;1;;FR0014004PR8;FR0014004PU2;;;;ECB;EU Price;Indices;;;;;0
FR0014003BY6;17-09-2024;;FR0014003BY6;FR;TCED5;EN Transat Circular Economy 50 EW D5%;XPAR;;2031.75;2030.58;2030.57661317;;;;;FR0014003BV2;;;;;;ECB;TR4 Dividend Return;Indices;Percentage;.05;1;365;0
FR0014003BX8;17-09-2024;;FR0014003BX8;FR;TCEGR;EN Transat Circular Economy 50 EW GR;XPAR;;4689.48;4687.4;4687.40495254;;;;;FR0014003BU4;;;0;;;ECB;TR1;Indices;;;;;0
FR0014003BV2;17-09-2024;;FR0014003BV2;FR;TCENR;EN Transat Circular Economy 50 EW NR;XPAR;;4240.84;4238.97;4238.96745545;;;;;FR0014003BU4;;;;0;;ECB;TR1;Indices;;;;;0
FR0014003BU4;17-09-2024;;FR0014003BU4;FR;TCEPR;EN Transat Circular Economy 50 EW;XPAR;969893.882843706;2986.12;2984.8;2984.80161275;2894940825.71020682;50;EUR;1;;FR0014003BX8;FR0014003BV2;;;;ECB;EU Price;Indices;;;;;0
FR0014001178;17-09-2024;;FR0014001178;FR;ECC3D;EN C Euro&Global ClimateChange EW D3.5%;XPAR;;2352.57;2371.91;2371.90696542;;;;;FR0013533569;;;;;;ECB;TR4 Dividend Return;Indices;Percentage;.035;1;365;0
FR0013533593;17-09-2024;;FR0013533593;FR;ECC5D;EN C Euro&Global Climate Change EW D5%;XPAR;;1858.34;1873.54;1873.54281411;;;;;FR0013533569;;;;;;ECB;TR4 Dividend Return;Indices;Percentage;.05;1;365;0
FR0013533577;17-09-2024;;FR0013533577;FR;ECC5G;EN Core Euro&Global Climate Change EW GR;XPAR;;4600.70;4638.96;4638.95941296;;;;;FR0013533551;;;0;;;ECB;TR1;Indices;;;;;0
FR0013533569;17-09-2024;;FR0013533569;FR;ECC5N;EN Core Euro&Global Climate Change EW NR;XPAR;;4078.34;4112.25;4112.25141157;;;;;FR0013533551;;;;0;;ECB;TR1;Indices;;;;;0
FR0013533551;17-09-2024;;FR0013533551;FR;ECC5P;EN Core Euro & Global Climate Change EW;XPAR;946410.876362639;2826.47;2849.98;2849.97756495;2697249764.86063761;50;EUR;1;;FR0013533577;FR0013533569;;;;ECB;EU Price;Indices;;;;;0
FR0013522604;17-09-2024;;FR0013522604;FR;LC3WG;Euronext Low Carbon 300 World PAB GR;XPAR;;5510.12;5495.72;5495.71689106;;;;;FR0013522588;;;.08348583462473;;US0320951017 US2788651006 US5128071082;ECB;TR1;Indices;;;;;0
FR0013522596;17-09-2024;;FR0013522596;FR;LC3W;Euronext Low Carbon 300 World PAB NR;XPAR;;4904.02;4891.17;4891.16897513;;;;;FR0013522588;;;;.0584400842373;US0320951017 US2788651006 US5128071082;ECB;TR1;Indices;;;;;0
FR0013522588;17-09-2024;;FR0013522588;FR;LC3WP;Euronext Low Carbon 300 World PAB;XPAR;480466.141582781;3401.27;3392.3;3392.29872746;1629884680.67795875;298;EUR;1;;FR0013522604;FR0013522596;;;;ECB;EU Price;Indices;;;;;0
FRIX00003064;17-09-2024;;FRIX00003064;FR;FRD4D;Euronext France Developpement 40 D5%;XPAR;;2324.20;2335.56;2335.56158473;;;;;FRIX00003049;;;;;;ECB;TR4 Dividend Return;Indices;Percentage;.05;1;365;0
FRIX00003056;17-09-2024;;FRIX00003056;FR;FRD4G;Euronext France Developpement 40 GR;XPAR;;5431.15;5458.45;5458.45254344;;;;;FRIX00003031;;;0;;;ECB;TR1;Indices;;;;;0
FRIX00003049;17-09-2024;;FRIX00003049;FR;FRD4N;Euronext France Developpement 40 NR;XPAR;;4851.76;4876.14;4876.14275998;;;;;FRIX00003031;;;;0;;ECB;TR1;Indices;;;;;0
FRIX00003031;17-09-2024;;FRIX00003031;FR;FRD4P;Euronext France Developpement 40;XPAR;938593395.240163;3649.54;3667.88;3667.88199774;3442649817594.7821400;40;EUR;1;;FRIX00003056;FRIX00003049;;;;ECB;EU Price;Indices;;;;;0
FRIX00002900;17-09-2024;;FRIX00002900;FR;INFRD;Euronext Invest In France 40 D 5%;XPAR;;2351.86;2354.56;2354.55637545;;;;;FRIX00002884;;;;;;ECB;TR4 Dividend Return;Indices;Percentage;.05;1;365;0
FRIX00002892;17-09-2024;;FRIX00002892;FR;INFRG;Euronext Invest In France 40 GR;XPAR;;5481.84;5488.88;5488.88451449;;;;;FRIX00002876;;;0;;;ECB;TR1;Indices;;;;;0
FRIX00002884;17-09-2024;;FRIX00002884;FR;INFRN;Euronext Invest In France 40 NR;XPAR;;4909.33;4915.63;4915.63289466;;;;;FRIX00002876;;;;0;;ECB;TR1;Indices;;;;;0
FRIX00002876;17-09-2024;;FRIX00002876;FR;INFRP;Euronext Invest In France 40;XPAR;218303446.953874;3697.62;3702.37;3702.36808412;808239714656.48861689;40;EUR;1;;FRIX00002892;FRIX00002884;;;;ECB;EU Price;Indices;;;;;0
FRIX00002801;17-09-2024;;FRIX00002801;FR;WIFRD;Euronext World Invest In France 40 D5%;XPAR;;3709.10;3702.78;3702.77623948;;;;;FRIX00002785;;;;;;ECB;TR4 Dividend Return;Indices;Percentage;.05;1;365;0
FRIX00002793;17-09-2024;;FRIX00002793;FR;WIFRG;Euronext World Invest In France 40 GR;XPAR;;8394.72;8381.56;8381.55740206;;;;;FRIX00002777;;;0;;;ECB;TR1;Indices;;;;;0
FRIX00002785;17-09-2024;;FRIX00002785;FR;WIFRN;Euronext World Invest In France 40 NR;XPAR;;7741.69;7729.54;7729.54470851;;;;;FRIX00002777;;;;0;;ECB;TR1;Indices;;;;;0
FRIX00002777;17-09-2024;;FRIX00002777;FR;WIFRP;Euronext World Invest In France 40;XPAR;524987928.937882;6308.06;6298.16;6298.16440102;3306460285001.6588386;40;EUR;1;;FRIX00002793;FRIX00002785;;;;ECB;EU Price;Indices;;;;;0
FRIX00002769;17-09-2024;;FRIX00002769;FR;FILVD;EN Invest In France Low Volatility D3 5%;XPAR;;3688.63;3677.62;3677.61684669;;;;;FRIX00002736;;;;;;ECB;TR4 Dividend Return;Indices;Percentage;.035;1;365;0
FRIX00002751;17-09-2024;;FRIX00002751;FR;FILV3;EN Invest In France Low Volatility D3%;XPAR;;3970.29;3958.5;3958.49533521;;;;;FRIX00002736;;;;;;ECB;TR4 Dividend Return;Indices;Percentage;.03;1;365;0
FRIX00002744;17-09-2024;;FRIX00002744;FR;FILVG;EN Invest In France Low Volatility GR;XPAR;;6832.83;6813.08;6813.08375863;;;;;FRIX00002728;;;0;;;ECB;TR1;Indices;;;;;0
FRIX00002736;17-09-2024;;FRIX00002736;FR;FILVN;EN Invest In France Low Volatility NR;XPAR;;6173.81;6155.97;6155.97052395;;;;;FRIX00002728;;;;0;;ECB;TR1;Indices;;;;;0
FRIX00002728;17-09-2024;;FRIX00002728;FR;FILVP;EN Invest In France Low Volatility;XPAR;990867.751677485;4616.61;4603.28;4603.27542425;4561237169.97943236;40;EUR;1;;FRIX00002744;FRIX00002736;;;;ECB;EU Price;Indices;;;;;0
FRIX00002645;17-09-2024;;FRIX00002645;FR;EIFRG;Euronext Invest In France GR;XPAR;;1282.30;1284.22;1284.22216467;;;;;FRIX00002629;;;.01519296929142;;US0320951017 US2788651006;ECB;TR1;Indices;;;;;0
FRIX00002637;17-09-2024;;FRIX00002637;FR;EIFRN;Euronext Invest In France NR;XPAR;;1275.78;1277.68;1277.68168984;;;;;FRIX00002629;;;;.01063507850399;US0320951017 US2788651006;ECB;TR1;Indices;;;;;0
FRIX00002629;17-09-2024;;FRIX00002629;FR;EIFRP;Euronext Invest In France;XPAR;20391786049.6463;1257.35;1259.21;1259.21424624;25677627500072.684376;309;EUR;1;;FRIX00002645;FRIX00002637;;;;ECB;EU Price;Indices;;;;;0
FRIX00002298;17-09-2024;;FRIX00002298;FR;CACVB;CAC Vol Bonus;XPAR;;2374.34;2394.96;2394.96134728;;;EUR;1;;;;;;;ECB;EOD Indices;Indices;;;;;0
FRIX00002033;17-09-2024;;FRIX00002033;FR;ECWGR;Euronext Cybersecurity World GR;XPAR;;8449.92;8450.42;8450.41788452;;;;;FRIX00002017;;;0;;;ECB;TR1;Indices;;;;;0
FRIX00002025;17-09-2024;;FRIX00002025;FR;ECWNR;Euronext Cybersecurity World NR;XPAR;;7699.92;7700.38;7700.37503743;;;;;FRIX00002017;;;;0;;ECB;TR1;Indices;;;;;0
FRIX00002017;17-09-2024;;FRIX00002017;FR;ECWPR;Euronext Cybersecurity World;XPAR;1950183488.19816;5922.26;5922.61;5922.60706029;11550170496064.800782;50;EUR;1;;FRIX00002033;FRIX00002025;;;;ECB;EU Price;Indices;;;;;0
FRIX00001936;17-09-2024;;FRIX00001936;FR;CAFME;CAC 40 Futures Monthly Roll 4D ER;XPAR;;2817.65;2831.44;2831.43849089;;;EUR;1;;;;;;;ECB;EOD Indices;Indices;;;;;0
FRIX00001860;17-09-2024;;FRIX00001860;FR;EAIWG;Euronext AI World GR;XPAR;;14499.49;14475.68;14475.68488104;;;;;FRIX00001845;;;0;;;ECB;TR1;Indices;;;;;0
FRIX00001852;17-09-2024;;FRIX00001852;FR;EAIWN;Euronext AI World NR;XPAR;;13648.83;13626.42;13626.41910319;;;;;FRIX00001845;;;;0;;ECB;TR1;Indices;;;;;0
FRIX00001845;17-09-2024;;FRIX00001845;FR;EAIWP;Euronext AI World;XPAR;1036459.04713619;11254.00;11235.52;11235.51892829;11645155242.5005851;100;EUR;1;;FRIX00001860;FRIX00001852;;;;ECB;EU Price;Indices;;;;;0
FRESG0001460;17-09-2024;;FRESG0001460;FR;BISWG;Euronext Biodiversity Screened World GR;XPAR;;5570.64;5573.44;5573.44465684;;;;;FRESG0001445;;;.03344318563205;;AU000000COH5 US0320951017 US1720621010 US92537N1081;ECB;TR1;Indices;;;;;0
FRESG0001452;17-09-2024;;FRESG0001452;FR;BISWN;Euronext Biodiversity Screened World NR;XPAR;;5094.90;5097.45;5097.45148814;;;;;FRESG0001445;;;;.02515371654684;AU000000COH5 US0320951017 US1720621010 US92537N1081;ECB;TR1;Indices;;;;;0
FRESG0001445;17-09-2024;;FRESG0001445;FR;BISWP;Euronext Biodiversity Screened World;XPAR;11479981139.3916;3825.03;3826.92;3826.9241627;43933017209670.499927;975;EUR;1;;FRESG0001460;FRESG0001452;;;;ECB;EU Price;Indices;;;;;0
FRESG0001437;17-09-2024;;FRESG0001437;FR;EBEWG;Euronext Biodiversity Enablers World GR;XPAR;;6533.26;6532.48;6532.4765329;;;;;FRESG0001411;;;.07163294586596;;US0320951017 US92537N1081;ECB;TR1;Indices;;;;;0
FRESG0001429;17-09-2024;;FRESG0001429;FR;EBEWN;Euronext Biodiversity Enablers World NR;XPAR;;6016.40;6015.65;6015.64674462;;;;;FRESG0001411;;;;.05014306210617;US0320951017 US92537N1081;ECB;TR1;Indices;;;;;0
FRESG0001411;17-09-2024;;FRESG0001411;FR;EBEWP;Euronext Biodiversity Enablers World;XPAR;2604278656.07464;4718.82;4718.19;4718.18657888;12287472602760.386726;268;EUR;1;;FRESG0001437;FRESG0001429;;;;ECB;EU Price;Indices;;;;;0
FRESG0001395;17-09-2024;;FRESG0001395;FR;GCSSD;Euronext Global Climate and Sustain Screened D 50P;XPAR;;1190.10;1189.38;1189.37760715;;;;;FRCLIM000197;;;;;;ECB;TR4 Dividend Return;Indices;Points;50;1;365;0
FRESG0001023;17-09-2024;;FRESG0001023;FR;BSWPF;EN ESG Biodiversity Screened W Proforma;XPAR;10323740213.5278;2942.93;2947.27;2947.26890601;30426838525091.949419;500;USD;1;;;;;;;WM ;EU Price;Indices;;;;;0
FRESG0000892;17-09-2024;;FRESG0000892;FR;GSCSD;EN Glob Sustain and Cl Screened D 50P;XPAR;;1159.75;1159.01;1159.01144789;;;;;FRESG0000884;;;;;;ECB;TR4 Dividend Return;Indices;Points;50;1;365;0
FRESG0000884;17-09-2024;;FRESG0000884;FR;GSCSG;EN Glob Sustain and Cl Screened GR;XPAR;;5597.33;5594.45;5594.44593226;;;;;FRESG0000876;;;0;;;ECB;TR1;Indices;;;;;0
FRESG0000876;17-09-2024;;FRESG0000876;FR;GSCSP;EN Glob Sustain and Cl Screened;XPAR;1001369.33092369;5597.33;5594.45;5594.44593226;5602106580.08;3;EUR;1;;FRESG0000884;;;;;ECB;EU Price;Indices;;;;;0
FRESG0000827;17-09-2024;;FRESG0000827;FR;PIWWG;Euronext Positive Impact Water World GR;XPAR;;4834.09;4840.41;4840.4109546;;;;;FRESG0000801;;;.05794229302498;;US2788651006 US5128071082;ECB;TR1;Indices;;;;;0
FRESG0000819;17-09-2024;;FRESG0000819;FR;PIWWN;Euronext Positive Impact Water World NR;XPAR;;4454.53;4460.33;4460.33117689;;;;;FRESG0000801;;;;.04055960511749;US2788651006 US5128071082;ECB;TR1;Indices;;;;;0
FRESG0000801;17-09-2024;;FRESG0000801;FR;PIWWP;Euronext Positive Impact Water World;XPAR;974589.700525354;3326.87;3331.16;3331.15977195;3246514004.54714524;275;EUR;1;;FRESG0000827;FRESG0000819;;;;ECB;EU Price;Indices;;;;;0
FRESG0000736;17-09-2024;;FRESG0000736;FR;SGSWN;Euronext Social Goods and Services World NR;XPAR;;4994.97;4991.56;4991.56055875;;;;;FRESG0000710;;;;.22383028817663;AU000000COH5 US2788651006 US4461501045;ECB;TR1;Indices;;;;;0
FRESG0000728;17-09-2024;;FRESG0000728;FR;SGSWG;Euronext Social Goods and Services World GR;XPAR;;5390.05;5386.46;5386.46234808;;;;;FRESG0000710;;;.28718870685175;;AU000000COH5 US2788651006 US4461501045;ECB;TR1;Indices;;;;;0
FRESG0000710;17-09-2024;;FRESG0000710;FR;SGSWP;Euronext Social Goods and Services World;XPAR;999815.624727765;3771.97;3769.17;3769.17180717;3768476865.09070521;244;EUR;1;;FRESG0000728;FRESG0000736;;;;ECB;EU Price;Indices;;;;;0
FRESG0000678;17-09-2024;;FRESG0000678;FR;EGSWN;Euronext Environmental Goods and Services World NR;XPAR;;3866.28;3886.46;3886.45524872;;;;;FRESG0000652;;;;0;;ECB;TR1;Indices;;;;;0
FRESG0000660;17-09-2024;;FRESG0000660;FR;EGSWG;Euronext Environmental Goods and Services World GR;XPAR;;4296.78;4319.2;4319.20139524;;;;;FRESG0000652;;;0;;;ECB;TR1;Indices;;;;;0
FRESG0000652;17-09-2024;;FRESG0000652;FR;EGSW;Euronext Environmental Goods and Services World;XPAR;976647.713579353;2679.43;2693.41;2693.40985164;2630512573.33558497;113;EUR;1;;FRESG0000660;FRESG0000678;;;;ECB;EU Price;Indices;;;;;0
FRESG0000447;17-09-2024;;FRESG0000447;FR;EBST5;EN ESG Biodiv Screen Transatl 80 D 5%;XPAR;;2458.28;2459.13;2459.12542705;;;;;FRESG0000413;;;;;;ECB;TR4 Dividend Return;Indices;Percentage;.05;1;365;0
FRESG0000439;17-09-2024;;FRESG0000439;FR;EBST4;EN ESG Biodiv Screen Transatl 80 D 4%;XPAR;;2848.07;2849.13;2849.12929051;;;;;FRESG0000413;;;;;;ECB;TR4 Dividend Return;Indices;Percentage;.04;1;365;0
FRESG0000421;17-09-2024;;FRESG0000421;FR;EBSTG;EN ESG Biodiv Screen Transatl 80 GR;XPAR;;5638.49;5641.21;5641.20608987;;;;;FRESG0000405;;;0;;;ECB;TR1;Indices;;;;;0
FRESG0000413;17-09-2024;;FRESG0000413;FR;EBSTN;EN ESG Biodiv Screen Transatl 80 NR;XPAR;;5130.93;5133.4;5133.40189662;;;;;FRESG0000405;;;;0;;ECB;TR1;Indices;;;;;0
FRESG0000405;17-09-2024;;FRESG0000405;FR;EBSTP;EN ESG Biodiv Screen Transatl 80;XPAR;988967.158541989;3930.26;3932.16;3932.15792063;3888775045.6998611;80;EUR;1;;FRESG0000421;FRESG0000413;;;;ECB;EU Price;Indices;;;;;0
FRESG0000363;17-09-2024;;FRESG0000363;FR;WCAMB;Euronext World Sustain and Climate Scr Decr 50 P;XPAR;;1272.89;1272.76;1272.76063794;;;;;FRESG0000355;;;;;;ECB;TR4 Dividend Return;Indices;Points;50;1;365;0
FRESG0000355;17-09-2024;;FRESG0000355;FR;WCAMG;Euronext World Sustainable and Climate Screen GR;XPAR;;5337.49;5337.54;5337.53574138;;;;;FRESG0000348;;;0;;;ECB;TR1;Indices;;;;;0
FRESG0000348;17-09-2024;;FRESG0000348;FR;WCAMP;Euronext World Sustainability and Climate Screened;XPAR;1001926.82968293;5337.49;5337.54;5337.53574138;5347820263.68;3;EUR;1;;FRESG0000355;;;;;ECB;EU Price;Indices;;;;;0
FRESG0000298;17-09-2024;;FRESG0000298;FR;UC3EN;EN US Screened Climate Amb 35 EW NR EUR;XPAR;;7448.69;7419.02;7419.01843393;;;;;FRESG0000272;;;;0;;ECB;TR1;Indices;;;;;0
FRESG0000280;17-09-2024;;FRESG0000280;FR;UC3EG;EN US Screened Climate Amb 35 EW GR EUR;XPAR;;8200.87;8168.2;8168.19968641;;;;;FRESG0000272;;;0;;;ECB;TR1;Indices;;;;;0
FRESG0000272;17-09-2024;;FRESG0000272;FR;UC3PE;EN US Screened Climate Amb 35 EW EUR;XPAR;1004099.37381748;5941.75;5918.09;5918.08541291;5942345857.30011968;35;EUR;1;;FRESG0000280;FRESG0000298;;;;ECB;EU Price;Indices;;;;;0
FRESG0000264;17-09-2024;;FRESG0000264;FR;USC3N;EN US Screened Climate Ambition 35 EW NR;XPAR;;5775.19;5752.45;5752.44633961;;;;;FRESG0000249;;;;0;;WM ;TR1;Indices;;;;;0
FRESG0000256;17-09-2024;;FRESG0000256;FR;USC3G;EN US Screened Climate Ambition 35 EW GR;XPAR;;6358.39;6333.35;6333.34860162;;;;;FRESG0000249;;;0;;;WM ;TR1;Indices;;;;;0
FRESG0000249;17-09-2024;;FRESG0000249;FR;USC3P;EN US Screened Climate Ambition 35 EW;XPAR;1004101.1513547;4606.80;4588.66;4588.65504384;4607473812.69;35;USD;1;;FRESG0000256;FRESG0000264;;;;WM ;EU Price;Indices;;;;;0
FRESG0000173;17-09-2024;;FRESG0000173;FR;LC3WD;Euronext Low Carbon 300 World D3.5%;XPAR;;2637.63;2630.47;2630.46657197;;;;;FR0013522596;;;;;;ECB;TR4 Dividend Return;Indices;Percentage;.035;1;365;0
FRESG0000165;17-09-2024;;FRESG0000165;FR;EBSNW;EN ESG Biodiversity Screened Wld NR USD;XPAR;;3867.95;3872.84;3872.8411827;;;;;FRESG0000140;;;;.02256593403492;US0320951017 US1720621010 US92537N1081;WM ;TR1;Indices;;;;;0
FRESG0000157;17-09-2024;;FRESG0000157;FR;EBSGW;EN ESG Biodiversity Screened Wld GR USD;XPAR;;4200.51;4205.84;4205.83500839;;;;;FRESG0000140;;;.03223704862132;;US0320951017 US1720621010 US92537N1081;WM ;TR1;Indices;;;;;0
FRESG0000140;17-09-2024;;FRESG0000140;FR;EBSPW;EN ESG Biodiversity Screened Wld USD;XPAR;10372234791.9555;2984.60;2988.36;2988.35504313;30995920149116.978689;500;USD;1;;FRESG0000157;FRESG0000165;;;;WM ;EU Price;Indices;;;;;0
FRESG0000082;17-09-2024;;FRESG0000082;FR;EBSWG;EN ESG Biodiversity Screened World GR;XPAR;;5412.24;5418.86;5418.85636854;;;;;FRESG0000066;;;.04152906017599;;US0320951017 US1720621010 US92537N1081;ECB;TR1;Indices;;;;;0
FRESG0000074;17-09-2024;;FRESG0000074;FR;EBSWN;EN ESG Biodiversity Screened World NR;XPAR;;4983.85;4989.92;4989.92181355;;;;;FRESG0000066;;;;.02907034212319;US0320951017 US1720621010 US92537N1081;ECB;TR1;Indices;;;;;0
FRESG0000066;17-09-2024;;FRESG0000066;FR;EBSWP;EN ESG Biodiversity Screened World;XPAR;7236631412.46971;3845.58;3850.24;3850.235099;27862732262842.797093;500;EUR;1;;FRESG0000082;FRESG0000074;;;;ECB;EU Price;Indices;;;;;0
FRESG0000033;17-09-2024;;FRESG0000033;FR;GHCD5;Euronext Global Health Care 50 EW ESG Decrement 5%;XPAR;;3144.02;3115.76;3115.76423674;;;;;FRESG0000017;;;;;;ECB;TR4 Dividend Return;Indices;Percentage;.05;1;365;0
FRESG0000025;17-09-2024;;FRESG0000025;FR;GHCGR;Euronext Global Health Care 50 EW ESG GR;XPAR;;6956.90;6895.32;6895.32382342;;;;;FRESG0000009;;;0;;;ECB;TR1;Indices;;;;;0
FRESG0000017;17-09-2024;;FRESG0000017;FR;GHCNR;Euronext Global Health Care 50 EW ESG NR;XPAR;;6561.70;6503.63;6503.63042882;;;;;FRESG0000009;;;;0;;ECB;TR1;Indices;;;;;0
FRESG0000009;17-09-2024;;FRESG0000009;FR;GHCPR;Euronext Global Health Care 50 EW ESG;XPAR;1014460.33758458;5474.37;5425.92;5425.92041445;5504381055.34752801;50;EUR;1;;FRESG0000025;FRESG0000017;;;;ECB;EU Price;Indices;;;;;0
FRCLIM000296;17-09-2024;;FRCLIM000296;FR;PBT50;Euronext PAB Transatlantic 60 D50;XPAR;;910.56;913.2;913.19813802;;;;;FRCLIM000270;;;;;;ECB;TR4 Dividend Return;Indices;Points;50;1;365;0
FRCLIM000288;17-09-2024;;FRCLIM000288;FR;PBT5D;Euronext PAB Transatlantic 60 D5%;XPAR;;3535.42;3545.7;3545.70247136;;;;;FRCLIM000262;;;;;;ECB;TR4 Dividend Return;Indices;Percentage;.05;1;365;0
FRCLIM000270;17-09-2024;;FRCLIM000270;FR;PBTAG;Euronext PAB Transatlantic 60 GR;XPAR;;8123.96;8148.71;8148.70987507;;;;;FRCLIM000254;;;0;;;ECB;TR1;Indices;;;;;0
FRCLIM000262;17-09-2024;;FRCLIM000262;FR;PBTAN;Euronext PAB Transatlantic 60 NR;XPAR;;7378.83;7401.31;7401.30960121;;;;;FRCLIM000254;;;;0;;ECB;TR1;Indices;;;;;0
FRCLIM000254;17-09-2024;;FRCLIM000254;FR;PBTAP;Euronext PAB Transatlantic 60;XPAR;1002511.33100919;5654.80;5672.02;5672.0240947;5686268424.69012928;60;EUR;1;;FRCLIM000270;FRCLIM000262;;;;ECB;EU Price;Indices;;;;;0
FRCLIM000221;17-09-2024;;FRCLIM000221;FR;PABTG;Euronext PAB Transatlantic 50 GR;XPAR;;5533.94;5531.33;5531.32955514;;;;;FRCLIM000205;;;0;;;ECB;TR1;Indices;;;;;0
FRCLIM000213;17-09-2024;;FRCLIM000213;FR;PABTN;Euronext PAB Transatlantic 50 NR;XPAR;;4929.92;4927.6;4927.60088975;;;;;FRCLIM000205;;;;0;;ECB;TR1;Indices;;;;;0
FRCLIM000205;17-09-2024;;FRCLIM000205;FR;PABTP;Euronext PAB Transatlantic 50;XPAR;1009068.75174109;3605.73;3604.03;3604.03187327;3636715943.59702114;50;EUR;1;;FRCLIM000221;FRCLIM000213;;;;ECB;EU Price;Indices;;;;;0
FRCLIM000197;17-09-2024;;FRCLIM000197;FR;GSCDG;EN Global Sust and Cl Screened DR GR;XPAR;;5895.98;5893.06;5893.05981726;;;;;FRCLIM000189;;;0;;;ECB;TR1;Indices;;;;;0
FRCLIM000189;17-09-2024;;FRCLIM000189;FR;GSCDP;EN Global Sust and Cl Screened DR;XPAR;1000000;5895.98;5893.06;5893.05981726;5893059817.25804949;3;EUR;1;;FRCLIM000197;;;;;ECB;EU Price;Indices;;;;;0
FRCLIM000171;17-09-2024;;FRCLIM000171;FR;PABU5;Euronext PAB North America 50 Decrement 5%;XPAR;;3000.68;2993.58;2993.57706529;;;;;FRCLIM000155;;;;;;ECB;TR4 Dividend Return;Indices;Percentage;.05;1;365;0
FRCLIM000163;17-09-2024;;FRCLIM000163;FR;PABUG;Euronext PAB North America 50 GR;XPAR;;6993.42;6977.82;6977.81785384;;;;;FRCLIM000148;;;0;;;ECB;TR1;Indices;;;;;0
FRCLIM000155;17-09-2024;;FRCLIM000155;FR;PABUN;Euronext PAB North America 50 NR;XPAR;;6262.37;6248.4;6248.40256077;;;;;FRCLIM000148;;;;0;;ECB;TR1;Indices;;;;;0
FRCLIM000148;17-09-2024;;FRCLIM000148;FR;PABUP;Euronext PAB North America 50;XPAR;989862.177443171;4834.31;4823.53;4823.52674494;4774626686.69742776;50;EUR;1;;FRCLIM000163;FRCLIM000155;;;;ECB;EU Price;Indices;;;;;0
FRCLIM000130;17-09-2024;;FRCLIM000130;FR;TPAB5;EN Transatlantic PAB 50 Decrement 5%;XPAR;;3972.82;3984.49;3984.48891545;;;;;FRCLIM000114;;;;;;ECB;TR4 Dividend Return;Indices;Percentage;.05;1;365;0
FRCLIM000122;17-09-2024;;FRCLIM000122;FR;TPABG;EN Transatlantic PAB 50 GR;XPAR;;9093.88;9121.85;9121.84931853;;;;;FRCLIM000106;;;0;;;ECB;TR1;Indices;;;;;0
FRCLIM000114;17-09-2024;;FRCLIM000114;FR;TPABN;EN Transatlantic PAB 50 NR;XPAR;;8290.64;8316.13;8316.13454064;;;;;FRCLIM000106;;;;0;;ECB;TR1;Indices;;;;;0
FRCLIM000106;17-09-2024;;FRCLIM000106;FR;TPABP;EN Transatlantic PAB 50;XPAR;998161.385810709;6452.65;6472.49;6472.4920097;6460591594.0476303;50;EUR;1;;FRCLIM000122;FRCLIM000114;;;;ECB;EU Price;Indices;;;;;0
FRCLIM000056;17-09-2024;;FRCLIM000056;FR;PFLCW;EN Low Carbon 300 World PAB Proforma;XPAR;481051.999653152;3397.13;3388.17;3388.16735374;1629884680.67795875;298;EUR;1;;;;;;;ECB;EU Price;Indices;;;;;0
DUMMY00000US;17-09-2024;;DUMMY00000US;NL;DUMUS;DUMMY INDEX US;XAMS;10000;75.43;76.05;76.04681519;760468.15188364;946;EUR;1;;;;;;;ECB;EU Price;Indices;;;;;0
DUMMY00DUUSC;17-09-2024;;DUMMY00DUUSC;NL;DUUSC;DUMMY INDEX USD;XAMS;1.2330092130565;1380.68;1384.24;1384.23740283;1706.77747075;24;USD;1;;;;;;;WM ;EU Price;Indices;;;;;0
